CUST_ID,Number of Children,Age,Gender,Education level,Marital status,Region,Occupation Group,loan,utility,finance,shopping,financial_services,health_and_care,home_lifestyle,transport_travel,leisure,public_services,finance_t0,financial_services_t0,home_lifestyle_t0,loan_t0,shopping_t0,utility_t0,health_and_care_t0,transport_travel_t0,leisure_t0,public_services_t0
6,0.0,25,Female,high school,single,Central,Student,0,0,0,0,1,0,0,0,0,0,1,0,0,0,1,0,0,0,0,0
7,2.0,55,Female,vocational certificate,widow,Central,Unemployed,0,1,0,0,0,0,0,0,0,0,0,0,0,0,1,1,0,0,0,0
23,0.0,24,Female,bachelor's degree,single,Central,Unemployed,0,0,1,0,1,1,0,0,0,0,1,0,0,0,0,0,0,1,0,0
26,0.0,52,Female,bachelor's degree,married,Central,Corporate Employee,0,0,0,1,0,1,0,0,0,0,0,0,0,1,1,0,1,0,0,0
37,0.0,43,Female,vocational certificate,single,Northeastern,Corporate Employee,0,1,0,0,1,0,0,0,0,0,0,1,0,1,0,0,0,0,0,0
58,0.0,71,Female,master's degree,single,Western,Professional,0,1,0,0,0,0,0,0,0,0,0,0,0,0,0,1,0,0,0,0
61,0.0,25,Male,others,single,Central,Corporate Employee,0,1,0,0,0,0,0,0,0,0,0,0,0,0,0,1,0,0,0,0
72,0.0,23,Male,high school,single,Eastern,Student,0,0,1,0,0,0,0,0,0,0,1,0,0,0,1,0,0,0,0,0
73,0.0,52,Male,bachelor's degree,married,Central,Corporate Employee,1,1,1,0,0,1,0,0,0,0,1,0,0,1,1,1,0,0,0,0
83,0.0,29,Female,high school,single,Northeastern,Student,0,0,1,1,0,0,0,0,0,0,1,0,0,0,1,0,0,0,0,0
87,0.0,24,Female,others,single,Northeastern,Student,0,0,1,1,0,0,0,0,0,0,0,0,0,0,0,1,0,0,0,0
89,0.0,61,Female,others,single,Central,Corporate Employee,1,1,1,1,0,0,0,0,0,0,1,0,0,1,1,0,0,0,0,0
106,0.0,39,Female,bachelor's degree,single,Central,Student,0,0,1,1,0,0,0,0,1,0,0,0,0,0,0,0,0,0,1,0
111,0.0,44,Female,bachelor's degree,single,Central,Corporate Employee,1,1,1,0,0,0,0,0,0,0,0,0,0,0,0,0,1,1,1,0
118,0.0,34,Male,bachelor's degree,single,Central,Freelancer,0,1,0,0,0,0,0,0,1,0,0,0,0,0,0,0,0,0,1,0
127,0.0,24,Female,others,others,Eastern,Student,1,0,1,1,0,0,0,0,0,0,1,0,0,0,0,0,0,0,0,0
130,0.0,43,Male,bachelor's degree,widow,Central,Corporate Employee,1,1,1,0,1,0,0,0,0,0,0,0,0,1,0,1,0,0,0,0
131,0.0,41,Male,bachelor's degree,married,Western,Entrepreneur,1,0,0,0,0,0,0,0,0,0,0,0,1,0,0,0,0,0,0,0
132,0.0,39,Female,high school,single,Central,Corporate Employee,0,1,0,0,0,1,0,0,0,1,0,0,0,0,1,0,0,0,0,0
134,0.0,36,Female,bachelor's degree,single,Central,Unemployed,1,1,1,0,0,0,1,0,0,0,0,0,0,1,0,1,1,0,0,0
146,1.0,40,Female,high school,married,Central,Entrepreneur,0,1,1,1,0,0,1,0,0,0,1,0,1,1,1,0,1,0,0,0
162,0.0,58,Male,bachelor's degree,married,Central,Corporate Employee,1,0,1,1,0,0,0,0,0,0,0,0,1,1,0,0,0,0,0,0
164,0.0,46,Female,high school,single,Central,Corporate Employee,0,0,0,1,0,0,1,0,0,0,0,0,1,0,0,0,1,0,0,0
165,0.0,45,Female,bachelor's degree,single,Central,Freelancer,0,1,0,0,0,1,1,0,0,0,0,0,0,0,1,1,0,0,0,0
174,0.0,44,Male,bachelor's degree,single,Southern,Corporate Employee,1,0,0,0,0,0,1,0,0,0,0,0,0,1,0,0,0,0,0,0
187,0.0,46,Female,others,single,Northeastern,Corporate Employee,0,0,0,1,0,0,0,0,0,0,0,0,0,0,1,1,0,0,0,0
194,0.0,39,Female,bachelor's degree,single,Northern,Corporate Employee,1,1,1,0,0,0,1,0,0,0,1,0,0,1,0,1,0,0,0,0
195,0.0,33,Female,bachelor's degree,single,Central,Corporate Employee,0,1,1,1,1,1,0,0,1,0,1,1,0,1,1,1,0,0,0,0
207,0.0,46,Male,high school,married,Central,Entrepreneur,1,1,0,0,1,0,0,0,0,0,0,1,0,0,1,1,0,0,0,0
211,0.0,26,Male,high school,married,Central,Corporate Employee,0,0,1,0,0,0,0,0,0,0,1,0,0,0,0,1,0,0,0,0
214,1.0,51,Female,less than high school,married,Central,Freelancer,0,1,0,0,0,0,0,0,0,0,0,0,0,0,0,1,0,0,0,0
217,0.0,24,Female,high school,single,Northeastern,Student,0,1,1,1,0,0,0,0,0,0,0,0,0,0,0,1,0,0,0,0
220,0.0,26,Female,bachelor's degree,single,Central,Student,0,0,1,1,0,0,0,0,0,0,0,0,0,0,0,0,1,0,0,0
223,0.0,49,Male,high school,married,Central,Corporate Employee,1,0,0,0,0,0,0,0,0,0,0,0,0,0,1,1,0,0,0,0
225,0.0,51,Female,less than high school,married,Central,Entrepreneur,0,1,0,0,0,0,0,0,0,0,0,0,0,0,1,1,0,0,0,0
229,0.0,56,Male,bachelor's degree,married,Northern,Corporate Employee,1,0,1,1,1,0,0,1,0,0,1,0,0,0,1,1,0,0,0,0
245,0.0,50,Male,less than high school,single,Central,Corporate Employee,1,1,1,1,0,0,0,0,0,0,1,0,0,1,1,1,0,0,0,0
249,0.0,38,Female,bachelor's degree,married,Central,Corporate Employee,1,1,0,0,0,0,1,0,0,0,0,0,0,0,0,1,0,0,0,0
269,0.0,47,Female,bachelor's degree,single,Central,Corporate Employee,0,0,1,1,0,0,0,1,0,0,0,0,0,1,1,1,0,0,1,0
274,0.0,42,Male,bachelor's degree,married,Central,Corporate Employee,1,1,1,1,0,0,1,0,0,0,0,0,1,1,0,1,0,0,0,0
277,0.0,38,Male,less than high school,single,Central,Corporate Employee,0,1,0,1,0,0,1,0,0,0,0,0,0,0,1,0,0,0,0,0
278,0.0,49,Female,less than high school,married,Eastern,Corporate Employee,1,0,0,0,0,0,0,0,0,0,0,0,0,0,0,1,0,0,0,0
279,0.0,57,Male,master's degree,married,Central,Corporate Employee,1,0,0,0,0,0,0,0,0,0,0,0,0,0,1,0,0,0,0,0
283,0.0,54,Female,bachelor's degree,single,Central,Corporate Employee,0,1,1,0,0,0,0,1,0,0,0,0,0,0,0,1,0,0,0,0
286,0.0,31,Female,less than high school,single,Central,Corporate Employee,0,0,1,0,1,0,0,0,0,0,1,0,0,0,1,0,0,0,0,0
301,0.0,24,Female,others,others,Central,Student,0,0,1,0,0,0,0,0,0,0,0,0,0,1,1,0,0,0,0,0
307,0.0,51,Female,bachelor's degree,single,Central,Entrepreneur,1,1,1,0,0,0,0,0,0,0,0,0,0,1,0,1,0,0,0,0
308,0.0,25,Female,others,single,Northern,Student,0,0,1,0,0,0,0,0,0,0,1,0,0,0,1,0,0,0,1,0
312,0.0,28,Female,high school,single,Central,Student,0,1,1,0,0,0,0,0,0,0,1,0,0,0,1,1,1,0,0,0
317,2.0,59,Female,less than high school,married,Northeastern,Freelancer,0,1,0,0,0,0,0,0,0,0,0,0,0,0,0,1,0,0,0,0
320,0.0,51,Female,bachelor's degree,single,Central,Homemaker,1,1,1,0,0,0,0,0,1,0,0,0,0,1,0,0,0,0,0,0
325,1.0,53,Female,others,married,Western,Entrepreneur,0,1,0,1,0,0,1,0,0,0,0,0,0,0,0,1,0,0,0,0
328,0.0,31,Female,bachelor's degree,single,Northern,Student,0,0,1,1,0,1,0,0,0,0,1,0,0,0,1,0,0,0,0,0
336,0.0,41,Male,master's degree,married,Southern,Freelancer,1,1,0,0,0,0,1,0,0,0,1,0,1,1,0,0,0,0,0,0
347,0.0,55,Male,bachelor's degree,single,Central,Entrepreneur,0,0,0,1,0,0,0,0,0,0,0,0,1,0,1,0,0,1,0,0
348,0.0,30,Male,bachelor's degree,single,Central,Corporate Employee,1,1,1,1,0,0,1,1,0,0,1,0,1,0,1,1,0,1,0,0
353,0.0,32,Female,vocational certificate,married,Central,Corporate Employee,1,1,1,1,1,0,1,1,1,1,1,0,1,0,1,1,0,0,0,0
354,0.0,46,Male,high school,married,Central,Freelancer,0,1,0,0,0,0,0,0,0,0,0,0,0,0,0,1,0,0,0,0
359,0.0,25,Male,vocational certificate,single,Northeastern,Student,1,1,1,1,0,0,0,0,0,1,0,0,0,0,0,1,0,0,0,0
365,0.0,45,Female,master's degree,married,Central,Corporate Employee,1,1,1,1,0,0,0,1,0,0,1,0,1,1,1,0,0,0,0,0
368,0.0,41,Female,bachelor's degree,married,Central,Corporate Employee,1,1,1,1,0,0,0,0,1,0,1,0,0,1,1,1,0,0,1,0
369,0.0,45,Female,bachelor's degree,married,Southern,Entrepreneur,0,0,0,0,0,0,0,0,1,1,1,0,0,0,0,1,0,1,0,0
379,0.0,36,Female,vocational certificate,single,Northeastern,Corporate Employee,0,0,1,1,1,0,0,0,0,0,1,1,0,0,1,0,0,0,0,1
384,0.0,32,Male,others,single,Northeastern,Corporate Employee,1,0,1,1,0,1,0,0,0,0,0,0,0,0,0,0,1,0,0,0
396,0.0,43,Female,bachelor's degree,married,Central,Entrepreneur,0,1,0,1,0,0,0,0,0,0,0,0,1,1,1,1,0,0,0,0
422,0.0,36,Female,vocational certificate,single,Southern,Corporate Employee,1,1,1,1,0,0,0,0,0,0,1,0,1,1,1,1,0,0,0,0
432,0.0,27,Female,others,others,Southern,Student,0,0,1,0,0,0,0,0,1,0,1,1,1,0,1,0,0,0,1,0
436,0.0,33,Female,bachelor's degree,single,Southern,Entrepreneur,0,0,0,1,0,0,0,0,0,0,0,0,0,0,1,1,0,0,0,0
442,0.0,32,Female,high school,single,Central,Corporate Employee,0,1,0,0,0,0,0,0,0,0,0,0,0,0,0,1,0,0,0,0
452,0.0,34,Male,bachelor's degree,single,Central,Corporate Employee,0,1,0,1,1,1,0,0,0,0,1,0,0,0,1,0,0,0,0,0
453,0.0,80,Female,bachelor's degree,married,Central,Entrepreneur,0,1,0,0,0,0,0,0,0,0,0,0,0,0,0,1,0,0,0,0
456,0.0,34,Female,others,single,Central,Corporate Employee,0,1,0,0,0,1,0,0,0,0,0,0,0,0,0,1,0,0,0,0
457,0.0,28,Female,high school,single,Central,Student,1,1,1,0,0,0,0,0,0,0,1,0,0,0,0,0,0,1,0,0
459,0.0,53,Male,bachelor's degree,married,Central,Corporate Employee,1,1,0,0,0,0,0,0,0,0,0,0,1,1,1,1,1,0,0,0
475,0.0,33,Male,bachelor's degree,single,Central,Corporate Employee,1,0,0,0,0,0,0,0,0,0,0,0,0,0,0,0,0,1,0,0
480,0.0,41,Male,vocational certificate,married,Northeastern,Corporate Employee,0,1,1,1,0,0,0,0,0,0,1,0,0,0,1,0,0,0,0,1
489,0.0,55,Female,bachelor's degree,married,Southern,Entrepreneur,0,0,0,0,1,0,0,0,0,0,0,1,0,0,0,0,0,0,0,0
499,0.0,26,Male,high school,single,Central,Student,0,1,1,1,1,0,1,0,0,0,1,0,1,0,1,1,0,0,0,0
500,1.0,63,Female,master's degree,married,Central,Professional,0,1,1,1,0,1,0,0,0,0,0,0,0,0,0,0,0,0,1,0
504,0.0,49,Female,master's degree,married,Southern,Professional,1,0,1,0,0,0,0,0,0,0,0,0,1,1,0,0,0,0,0,0
510,0.0,36,Female,high school,single,Central,Student,1,0,1,1,0,0,1,0,0,0,1,0,0,0,1,0,0,0,0,0
517,0.0,30,Female,vocational certificate,single,Northeastern,Student,1,0,1,0,0,0,0,0,0,0,0,0,0,1,0,1,0,0,0,0
518,0.0,42,Female,bachelor's degree,married,Central,Entrepreneur,0,0,0,0,1,0,0,0,0,0,0,0,0,0,0,1,0,0,0,0
523,0.0,34,Male,bachelor's degree,single,Central,Professional,1,0,1,1,0,0,0,0,0,0,1,0,0,0,0,0,0,0,0,0
532,0.0,29,Male,others,single,Northeastern,Corporate Employee,1,0,1,0,0,0,0,0,0,0,0,0,0,1,0,0,0,0,0,0
533,0.0,29,Female,high school,single,Central,Student,0,0,1,1,0,0,0,0,1,0,1,0,0,0,1,1,0,1,0,0
537,0.0,34,Male,bachelor's degree,single,Central,Corporate Employee,0,1,1,0,0,0,0,0,0,0,0,0,0,0,0,0,0,1,0,0
541,0.0,45,Male,less than high school,married,Central,Corporate Employee,0,1,0,0,0,0,1,0,0,0,1,0,1,0,0,1,0,0,0,0
548,0.0,34,Female,others,single,Northeastern,Professional,1,0,0,0,0,0,0,0,0,0,1,0,0,1,0,1,0,1,0,0
553,0.0,29,Female,others,others,Central,Student,0,0,1,1,1,0,0,0,0,0,1,0,0,0,1,0,1,0,0,0
555,0.0,56,Male,vocational certificate,single,Central,Corporate Employee,0,0,0,1,0,0,0,0,0,0,0,0,0,0,0,0,1,0,0,0
559,0.0,36,Female,bachelor's degree,married,Northern,Corporate Employee,1,1,1,0,1,0,0,0,0,0,0,1,0,0,0,1,0,0,0,0
560,0.0,37,Male,bachelor's degree,single,Central,Freelancer,0,1,1,1,0,0,0,0,0,0,1,0,0,0,1,0,0,0,0,0
563,0.0,33,Female,bachelor's degree,married,Central,Corporate Employee,1,0,0,0,0,0,0,0,0,0,0,0,0,0,1,0,0,0,0,0
566,0.0,25,Male,vocational certificate,single,Southern,Student,0,1,0,0,0,0,0,0,0,0,0,0,0,0,0,1,0,0,0,0
574,0.0,35,Male,vocational certificate,single,Central,Corporate Employee,1,0,1,1,0,0,1,1,0,0,0,0,1,0,0,1,0,1,0,0
576,0.0,38,Female,high school,single,Central,Corporate Employee,0,0,1,1,0,0,0,0,0,0,0,0,0,0,1,0,0,0,0,0
594,1.0,64,Female,master's degree,married,Central,Corporate Employee,1,0,0,0,0,0,0,0,0,0,1,0,0,1,1,0,0,0,0,0
598,0.0,55,Male,high school,single,Central,Entrepreneur,0,1,0,0,0,0,0,0,0,0,0,0,0,0,0,1,0,0,0,0
605,0.0,42,Female,bachelor's degree,single,Central,Entrepreneur,0,1,1,0,0,0,0,0,0,0,0,0,0,0,0,1,0,0,0,1
607,0.0,26,Female,vocational certificate,single,Central,Corporate Employee,0,1,0,0,0,0,0,0,0,0,0,0,0,0,1,0,0,0,0,0
608,0.0,31,Female,bachelor's degree,single,Eastern,Corporate Employee,1,1,1,1,0,0,0,0,0,0,1,0,0,1,1,1,0,0,0,0
610,0.0,25,Female,high school,single,Central,Corporate Employee,0,0,1,0,0,0,0,0,0,0,1,1,0,1,1,1,0,1,0,0
612,0.0,47,Female,vocational certificate,single,Central,Entrepreneur,0,1,0,0,0,0,0,0,0,0,0,0,0,1,0,1,0,0,0,0
613,0.0,39,Male,high school,single,Northeastern,Corporate Employee,1,1,0,0,0,0,0,0,0,0,0,0,0,0,0,1,0,0,0,0
615,0.0,56,Female,vocational certificate,divorce,Southern,Homemaker,1,0,0,0,0,0,0,0,0,0,1,0,0,0,1,0,0,0,1,0
616,0.0,49,Female,master's degree,divorce,Central,Professional,1,0,1,0,0,0,0,0,0,0,0,0,1,0,1,0,0,0,1,0
625,0.0,57,Female,high school,single,Central,Unemployed,0,1,1,0,0,0,1,0,0,1,0,0,1,1,0,1,0,0,1,0
630,0.0,50,Male,master's degree,married,Central,Professional,1,0,0,1,0,0,0,0,0,0,0,0,1,0,0,0,0,0,0,0
631,0.0,32,Female,bachelor's degree,single,Southern,Corporate Employee,0,0,1,0,0,1,0,0,0,0,0,0,0,1,0,1,0,1,0,0
635,0.0,43,Female,bachelor's degree,married,Central,Corporate Employee,1,1,1,0,1,0,0,0,0,0,0,0,0,1,0,1,0,0,0,0
636,0.0,48,Female,bachelor's degree,married,Central,Professional,1,1,0,0,0,0,0,0,0,0,0,0,0,1,0,1,0,0,0,0
639,0.0,39,Male,high school,single,Central,Corporate Employee,0,0,0,1,0,0,0,0,0,0,0,0,0,0,1,0,0,0,0,0
640,0.0,42,Female,high school,married,Central,Unemployed,0,1,1,0,0,0,0,1,0,0,0,0,0,0,1,0,0,0,0,0
652,0.0,30,Female,less than high school,single,Central,Professional,1,1,1,1,0,0,0,0,0,0,1,0,0,1,1,1,1,0,1,0
659,0.0,36,Male,bachelor's degree,single,Central,Professional,0,0,1,1,0,1,1,0,1,0,0,0,0,0,0,1,0,0,0,0
661,1.0,60,Female,bachelor's degree,single,Central,Corporate Employee,1,1,0,0,0,0,0,0,0,0,0,0,0,1,0,0,0,0,0,0
662,1.0,50,Male,doctorate's degree,married,Central,Corporate Employee,1,0,0,0,0,0,0,0,0,0,0,0,1,1,1,0,0,0,0,0
664,0.0,51,Male,bachelor's degree,married,Central,Entrepreneur,0,1,0,0,0,0,0,0,0,0,0,0,0,0,0,1,0,0,0,0
679,0.0,36,Female,high school,married,Eastern,Corporate Employee,0,1,0,0,0,0,0,0,0,0,1,0,1,0,1,0,0,1,0,0
680,0.0,38,Male,bachelor's degree,single,Eastern,Corporate Employee,0,1,1,1,1,0,1,0,0,0,1,1,0,1,1,0,0,1,1,0
686,0.0,28,Female,high school,single,Central,Student,1,0,0,0,0,0,0,0,0,0,0,0,0,0,1,0,0,0,0,0
695,0.0,35,Male,high school,single,Central,Corporate Employee,0,1,0,0,0,0,0,0,0,0,0,1,0,1,1,1,0,0,0,0
696,0.0,30,Male,bachelor's degree,single,Central,Student,1,1,1,1,0,1,0,0,0,0,0,0,0,0,0,1,0,0,0,0
697,0.0,52,Female,bachelor's degree,single,Eastern,Corporate Employee,0,0,0,0,0,1,0,0,0,0,0,0,0,0,0,1,0,0,0,0
698,0.0,42,Female,vocational certificate,divorce,Eastern,Corporate Employee,0,0,1,0,0,1,0,0,0,0,1,0,0,0,0,0,0,0,0,0
702,0.0,36,Female,others,single,Southern,Corporate Employee,0,0,1,0,0,1,1,1,1,0,0,0,0,0,0,0,0,1,0,0
707,0.0,36,Female,high school,married,Central,Corporate Employee,1,0,0,0,0,0,0,0,0,0,0,0,0,0,0,1,0,0,0,0
712,0.0,50,Male,bachelor's degree,single,Central,Corporate Employee,0,1,0,0,0,0,0,0,0,0,0,0,0,0,1,0,0,0,0,0
716,0.0,56,Male,high school,married,Central,Corporate Employee,0,1,0,1,0,0,0,0,0,0,0,0,0,0,1,1,0,0,0,0
723,0.0,43,Female,bachelor's degree,divorce,Eastern,Entrepreneur,1,0,0,0,1,0,0,0,0,0,0,1,0,1,0,1,0,0,0,0
724,0.0,33,Male,others,single,Northeastern,Corporate Employee,1,1,0,0,0,0,0,0,0,0,0,0,1,1,0,1,0,0,0,0
729,2.0,47,Female,high school,married,Western,Freelancer,1,1,0,0,0,0,0,0,0,0,0,1,0,0,0,0,0,0,0,0
736,0.0,26,Male,high school,single,Western,Corporate Employee,0,1,0,0,0,0,0,0,0,0,0,0,0,0,0,1,0,1,0,0
737,0.0,42,Female,bachelor's degree,single,Central,Entrepreneur,0,0,1,0,0,0,1,0,0,0,1,0,1,0,0,1,0,0,0,0
738,0.0,48,Female,high school,married,Northeastern,Homemaker,0,1,1,1,0,0,1,0,1,0,0,0,0,0,0,1,0,0,0,0
740,0.0,37,Female,others,single,Eastern,Entrepreneur,1,1,1,1,1,0,1,0,0,0,1,1,0,1,1,0,0,0,1,0
742,1.0,60,Female,less than high school,married,Eastern,Homemaker,0,1,0,0,0,0,1,0,0,0,0,0,0,0,0,1,0,0,0,0
746,1.0,57,Male,high school,married,Central,Entrepreneur,0,1,0,0,0,0,0,0,0,0,0,1,0,0,0,0,0,0,0,0
761,0.0,35,Female,others,single,Western,Corporate Employee,0,0,0,0,1,0,0,0,0,0,0,0,0,0,0,1,0,0,0,0
764,0.0,33,Female,less than high school,single,Northeastern,Student,0,0,1,1,0,0,1,0,0,1,1,0,0,1,1,1,0,0,1,0
767,0.0,35,Female,others,single,Eastern,Corporate Employee,0,1,1,0,0,0,0,0,0,0,1,0,0,0,1,1,0,0,0,0
775,0.0,51,Male,others,married,Central,Corporate Employee,0,1,1,1,0,0,0,0,0,0,0,0,0,0,1,1,0,0,0,0
780,0.0,61,Male,bachelor's degree,married,Central,Entrepreneur,1,0,0,0,0,0,0,1,0,0,0,0,0,0,1,0,0,0,0,0
785,0.0,42,Male,bachelor's degree,married,Southern,Corporate Employee,1,1,1,0,0,0,0,0,0,0,0,0,1,0,0,0,1,0,0,0
789,0.0,34,Male,vocational certificate,single,Central,Corporate Employee,0,1,0,0,1,0,0,0,0,0,0,0,0,0,1,1,1,0,0,0
814,0.0,49,Male,high school,single,Southern,Entrepreneur,1,0,1,0,1,1,0,0,0,0,0,1,0,1,0,1,0,0,0,0
817,0.0,21,Male,high school,single,Central,Corporate Employee,0,1,0,0,0,0,0,1,0,1,0,0,0,0,0,1,0,0,0,0
831,0.0,37,Female,high school,married,Eastern,Corporate Employee,1,1,1,0,0,0,0,0,0,0,0,0,0,0,0,1,1,0,0,0
836,0.0,31,Female,less than high school,single,Northeastern,Corporate Employee,1,1,0,0,0,0,0,0,0,0,1,0,0,1,0,0,0,1,0,0
838,0.0,43,Female,high school,married,Southern,Entrepreneur,1,1,1,0,0,1,0,0,0,0,0,0,1,0,0,0,0,0,0,1
847,0.0,33,Female,bachelor's degree,single,Central,Corporate Employee,0,0,0,0,0,0,0,0,0,1,0,0,0,0,0,0,1,0,0,0
848,0.0,38,Female,bachelor's degree,married,Northeastern,Entrepreneur,1,0,1,1,0,0,0,0,1,0,0,0,0,0,0,0,0,0,1,1
851,1.0,48,Female,bachelor's degree,married,Central,Corporate Employee,1,1,1,1,0,0,0,0,0,0,0,0,1,1,1,1,0,0,0,0
856,0.0,54,Female,doctorate's degree,single,Central,Professional,1,1,1,0,0,0,0,0,0,0,0,0,0,1,1,0,0,0,0,0
859,0.0,40,Female,high school,single,Central,Corporate Employee,1,1,0,0,1,1,0,0,0,0,0,1,0,0,0,1,0,0,0,0
860,0.0,50,Male,others,single,Northern,Corporate Employee,0,0,0,0,1,0,0,0,0,0,0,1,0,0,0,1,0,0,0,0
867,0.0,27,Female,bachelor's degree,single,Central,Corporate Employee,1,0,1,1,0,0,1,0,0,0,1,0,0,1,1,1,0,0,0,1
869,0.0,51,Male,high school,single,Central,Corporate Employee,0,0,0,1,0,0,0,0,0,0,0,0,0,0,1,0,0,0,0,0
874,0.0,48,Male,bachelor's degree,married,Northeastern,Entrepreneur,1,1,1,1,0,0,0,0,0,1,1,0,1,0,0,0,0,0,0,1
877,0.0,49,Male,less than high school,single,Central,Entrepreneur,0,1,0,1,0,0,0,0,0,0,0,0,0,0,1,1,0,0,0,0
895,0.0,27,Male,others,single,Central,Student,1,0,0,0,0,0,0,0,0,0,0,0,0,1,0,0,0,0,0,0
900,0.0,43,Female,less than high school,married,Central,Freelancer,0,0,1,0,0,0,0,0,0,0,0,0,0,0,1,0,0,0,0,0
907,0.0,37,Female,bachelor's degree,single,Central,Professional,1,1,1,1,0,0,0,1,0,0,1,0,0,1,1,1,1,0,1,0
913,2.0,51,Male,bachelor's degree,married,Central,Entrepreneur,0,0,0,0,1,0,0,0,0,0,0,1,0,0,1,1,0,0,0,0
917,0.0,64,Female,bachelor's degree,married,Northeastern,Corporate Employee,0,0,1,0,0,0,0,1,0,0,1,0,0,0,1,0,0,1,0,0
926,0.0,36,Male,vocational certificate,single,Central,Corporate Employee,1,1,1,0,0,0,0,0,0,0,1,0,0,0,1,1,0,0,0,0
931,0.0,37,Female,bachelor's degree,single,Central,Corporate Employee,0,0,0,0,1,0,0,0,0,0,1,1,0,0,1,0,0,0,0,0
936,0.0,46,Male,doctorate's degree,single,Southern,Professional,1,0,1,0,1,0,0,1,1,0,0,1,0,1,1,0,0,0,1,0
942,0.0,27,Male,bachelor's degree,single,Central,Student,0,0,1,1,0,0,0,1,1,0,1,0,0,0,1,0,0,0,1,0
943,0.0,60,Female,bachelor's degree,single,Central,Corporate Employee,0,0,0,1,0,0,1,0,0,0,0,0,0,0,1,0,1,0,0,0
944,0.0,30,Female,high school,single,Northeastern,Corporate Employee,1,1,0,0,0,0,0,0,0,0,0,0,0,1,0,1,0,0,0,0
951,2.0,52,Male,bachelor's degree,married,Central,Student,1,0,0,0,0,0,0,0,0,0,1,1,0,1,0,0,0,0,0,0
954,2.0,47,Female,bachelor's degree,married,Northern,Professional,0,1,0,0,0,0,0,0,0,0,0,0,0,0,1,1,0,0,0,0
963,0.0,44,Male,bachelor's degree,single,Central,Entrepreneur,0,1,0,0,0,0,0,0,0,0,0,0,0,0,0,1,0,0,0,0
978,0.0,49,Male,less than high school,single,Eastern,Freelancer,0,1,0,0,0,0,0,0,0,0,0,0,0,0,0,1,0,0,0,0
981,0.0,36,Male,others,single,Central,Student,0,0,0,1,0,1,0,0,1,0,1,0,0,0,1,0,0,1,0,0
983,0.0,36,Female,bachelor's degree,married,Central,Corporate Employee,1,1,1,1,0,0,0,0,1,0,1,0,0,0,1,1,1,0,0,0
984,0.0,39,Male,high school,single,Central,Student,0,1,0,1,1,0,0,0,0,0,0,1,0,0,1,1,0,0,0,0
985,0.0,43,Female,bachelor's degree,single,Central,Corporate Employee,1,0,0,0,0,0,0,0,0,0,0,0,0,0,0,1,0,0,0,0
987,0.0,62,Female,high school,married,Central,Corporate Employee,0,1,0,0,0,0,0,0,0,0,0,0,0,0,1,1,0,0,0,0
989,0.0,46,Male,bachelor's degree,single,Central,Corporate Employee,0,0,1,0,0,0,0,0,1,0,1,0,0,0,0,0,0,0,0,0
1001,0.0,49,Male,bachelor's degree,married,Central,Corporate Employee,1,0,0,0,0,0,0,0,0,0,1,1,1,1,1,1,0,0,0,0
1009,0.0,46,Female,vocational certificate,married,Central,Unemployed,0,0,1,1,0,0,0,0,0,0,1,0,0,0,1,0,0,0,0,0
1013,0.0,22,Male,high school,single,Eastern,Student,1,0,1,0,0,0,0,0,1,0,0,0,0,0,1,0,0,0,0,0
1015,0.0,45,Female,bachelor's degree,married,Central,Corporate Employee,1,1,0,1,0,0,0,0,0,0,0,0,0,0,0,0,1,1,0,0
1024,0.0,58,Male,bachelor's degree,married,Central,Corporate Employee,1,1,0,0,0,1,0,0,0,0,0,0,0,1,1,1,0,0,0,0
1034,0.0,47,Male,bachelor's degree,married,Eastern,Entrepreneur,1,1,0,1,0,0,1,0,0,0,0,0,0,0,1,0,0,1,0,0
1036,0.0,46,Female,bachelor's degree,married,Southern,Entrepreneur,0,1,0,1,0,0,0,0,1,0,0,0,0,0,1,1,0,0,1,0
1037,0.0,59,Male,vocational certificate,married,Northern,Corporate Employee,0,0,0,0,1,0,0,0,0,0,0,1,0,0,0,0,0,0,0,0
1038,0.0,30,Male,vocational certificate,single,Northern,Corporate Employee,0,1,1,1,0,0,1,0,0,0,0,0,0,1,0,1,0,0,0,0
1047,0.0,48,Female,bachelor's degree,single,Northeastern,Entrepreneur,0,0,1,1,0,1,0,0,0,1,1,0,0,0,1,0,0,0,0,0
1049,0.0,29,Female,bachelor's degree,single,Eastern,Corporate Employee,0,0,1,1,0,0,1,0,1,0,0,0,0,0,1,0,0,0,0,0
1063,0.0,54,Female,less than high school,married,Central,Corporate Employee,0,0,0,0,1,0,0,0,0,0,0,0,0,0,1,0,1,0,0,0
1066,0.0,33,Female,bachelor's degree,single,Central,Professional,1,0,1,1,0,0,0,0,0,0,1,0,0,1,1,0,0,0,0,0
1071,0.0,46,Female,less than high school,married,Central,Freelancer,0,1,0,0,0,0,0,0,0,0,0,0,0,0,0,1,0,0,0,0
1081,0.0,47,Female,bachelor's degree,single,Central,Corporate Employee,1,0,0,0,0,0,0,0,0,0,1,0,1,1,0,1,0,0,0,0
1083,0.0,42,Female,bachelor's degree,single,Central,Corporate Employee,1,0,0,0,0,0,1,0,1,0,0,0,1,0,0,0,0,0,0,0
1084,0.0,32,Female,high school,single,Central,Corporate Employee,1,0,1,1,1,0,1,0,0,0,1,0,1,0,1,1,0,0,0,0
1087,0.0,63,Female,bachelor's degree,single,Central,Corporate Employee,1,1,0,0,1,0,0,0,0,1,0,0,1,1,0,1,0,1,0,1
1089,0.0,48,Male,bachelor's degree,married,Central,Corporate Employee,0,1,1,1,0,0,0,0,0,0,1,0,0,0,1,0,0,0,0,0
1090,0.0,30,Male,high school,single,Southern,Corporate Employee,1,0,1,0,1,0,0,0,1,0,0,1,0,0,0,1,0,1,0,0
1106,0.0,36,Female,bachelor's degree,single,Northern,Professional,1,0,1,0,0,0,0,0,0,0,1,0,0,1,0,1,0,1,0,0
1130,0.0,56,Female,bachelor's degree,married,Central,Homemaker,0,0,0,0,0,0,1,0,0,0,0,0,1,0,0,0,0,0,0,0
1138,0.0,23,Male,high school,single,Central,Student,0,0,0,0,1,0,0,0,0,0,1,1,0,0,1,1,0,1,0,0
1142,0.0,49,Male,less than high school,married,Central,Entrepreneur,0,1,0,0,0,0,0,0,0,0,0,0,1,0,0,1,0,0,0,0
1146,0.0,43,Female,less than high school,single,Southern,Corporate Employee,1,1,0,1,0,0,0,0,0,0,0,0,0,0,1,1,0,0,0,0
1148,0.0,24,Female,high school,single,Central,Professional,1,0,1,0,0,1,0,0,0,0,1,0,0,1,1,0,1,0,0,0
1151,0.0,23,Female,high school,single,Southern,Student,1,0,1,1,1,0,0,0,0,0,1,0,0,0,1,0,1,1,1,0
1155,0.0,42,Female,bachelor's degree,married,Western,Corporate Employee,0,0,1,0,0,0,0,0,0,0,1,0,0,0,1,1,0,0,0,1
1186,0.0,34,Female,high school,single,Northeastern,Entrepreneur,0,0,1,0,0,1,1,0,0,0,0,0,0,1,1,1,0,0,0,0
1194,0.0,27,Female,bachelor's degree,single,Central,Professional,1,0,1,1,0,0,0,0,0,0,1,0,0,0,1,0,0,0,0,0
1196,0.0,50,Female,bachelor's degree,married,Northeastern,Entrepreneur,0,1,0,0,0,0,0,0,0,0,0,0,0,0,1,1,0,1,0,1
1202,0.0,57,Male,high school,married,Central,Unemployed,0,0,0,1,0,0,0,0,0,0,0,0,0,0,1,0,0,0,0,0
1206,0.0,60,Female,bachelor's degree,married,Central,Corporate Employee,0,1,0,0,0,0,0,0,0,0,0,0,0,0,0,1,0,0,0,0
1218,0.0,38,Female,bachelor's degree,single,Northern,Corporate Employee,1,1,1,1,0,0,0,0,0,0,1,0,0,1,1,0,0,0,0,0
1220,0.0,26,Female,others,single,Central,Student,0,0,1,1,0,0,0,0,0,0,1,0,0,0,1,0,0,0,0,0
1224,0.0,33,Male,vocational certificate,married,Northeastern,Entrepreneur,0,1,1,1,1,0,1,0,0,0,1,1,0,0,1,1,0,1,0,0
1230,1.0,67,Male,high school,married,Central,Unemployed,0,1,0,0,0,1,0,0,0,0,0,0,0,0,0,1,1,0,0,0
1239,1.0,31,Female,high school,married,Central,Corporate Employee,0,0,0,0,0,1,0,0,0,0,0,0,0,0,0,0,1,0,0,0
1252,0.0,43,Male,high school,widow,Western,Corporate Employee,1,0,0,0,0,0,0,0,0,0,0,0,0,0,0,1,0,0,0,0
1255,0.0,35,Male,vocational certificate,single,Central,Corporate Employee,0,1,0,0,0,0,0,0,0,0,0,0,1,0,0,1,0,0,0,0
1258,0.0,28,Female,bachelor's degree,single,Eastern,Student,1,0,1,0,0,0,0,0,0,0,1,0,0,1,0,0,0,1,0,0
1260,0.0,45,Female,master's degree,married,Northeastern,Freelancer,1,1,1,1,0,0,1,0,1,0,1,0,1,0,1,0,0,0,0,0
1266,0.0,26,Male,high school,single,Southern,Corporate Employee,0,1,1,0,0,0,0,0,1,0,0,0,0,0,1,0,0,0,0,0
1270,0.0,26,Female,high school,single,Central,Corporate Employee,1,0,0,0,0,0,1,0,0,0,1,1,0,0,0,1,0,1,0,0
1274,0.0,40,Female,high school,single,Central,Corporate Employee,1,1,1,0,0,0,0,0,0,0,0,1,0,0,0,1,0,0,0,0
1276,0.0,35,Male,master's degree,married,Central,Corporate Employee,1,0,0,1,1,0,0,0,0,0,1,1,0,0,1,0,0,0,0,0
1281,1.0,50,Female,bachelor's degree,married,Northeastern,Entrepreneur,0,1,1,0,0,0,0,0,0,0,0,0,0,0,0,1,0,0,0,0
1287,0.0,41,Male,bachelor's degree,married,Northeastern,Corporate Employee,1,1,0,0,0,0,0,0,0,0,1,0,0,1,0,0,0,0,0,0
1300,0.0,54,Male,bachelor's degree,married,Central,Entrepreneur,1,1,1,0,0,0,0,0,0,1,0,0,0,0,0,1,0,0,0,1
1302,1.0,51,Male,master's degree,married,Northeastern,Corporate Employee,1,0,0,0,1,0,0,0,1,0,0,1,0,0,0,0,0,0,0,0
1304,0.0,32,Female,bachelor's degree,single,Central,Corporate Employee,1,0,1,0,0,0,0,0,0,0,1,0,0,0,0,1,1,0,0,0
1313,0.0,30,Male,others,others,Central,Corporate Employee,1,0,0,0,0,0,0,0,0,0,1,0,0,0,0,0,0,0,0,0
1336,1.0,56,Female,bachelor's degree,married,Central,Entrepreneur,1,0,0,0,0,0,0,0,0,0,0,0,0,0,0,0,0,0,0,1
1340,0.0,32,Female,others,single,Eastern,Corporate Employee,0,1,1,1,0,0,0,0,0,0,1,0,0,0,1,1,0,0,0,0
1345,0.0,59,Female,master's degree,single,Central,Corporate Employee,0,0,0,1,0,0,0,0,0,0,0,1,0,0,0,0,0,0,0,0
1349,0.0,48,Female,bachelor's degree,single,Central,Corporate Employee,1,0,1,0,0,0,0,0,0,0,1,0,0,1,1,1,0,0,0,0
1357,0.0,57,Female,master's degree,single,Central,Corporate Employee,1,1,0,0,0,1,0,0,1,0,0,0,1,1,0,1,0,0,0,0
1360,0.0,30,Female,bachelor's degree,married,Northeastern,Professional,1,1,1,0,0,0,0,0,0,0,0,0,0,0,0,1,0,0,0,0
1364,0.0,21,Female,others,single,Northeastern,Corporate Employee,0,0,1,1,0,0,0,0,0,0,1,0,0,0,1,0,0,0,0,0
1372,0.0,52,Female,less than high school,married,Western,Unemployed,0,0,0,1,0,0,0,0,0,0,0,0,0,0,0,0,1,0,0,0
1378,0.0,48,Male,vocational certificate,married,Eastern,Corporate Employee,0,0,0,1,0,0,0,0,0,0,0,0,0,0,1,0,0,0,0,0
1381,0.0,52,Female,less than high school,married,Central,Corporate Employee,0,0,0,1,0,0,0,0,0,0,0,0,1,0,0,1,0,0,0,1
1383,0.0,36,Male,bachelor's degree,married,Central,Professional,1,1,1,0,1,0,0,0,0,0,1,0,0,0,0,1,0,0,0,0
1388,0.0,25,Male,vocational certificate,single,Central,Corporate Employee,0,0,1,0,0,0,0,0,0,0,0,0,0,0,0,1,0,0,0,0
1391,0.0,49,Male,others,married,Central,Corporate Employee,0,1,0,0,0,0,0,0,0,0,0,0,0,0,0,1,0,0,0,0
1397,1.0,51,Female,bachelor's degree,married,Central,Other,1,0,1,1,0,0,0,0,0,0,0,0,0,0,0,1,0,0,0,0
1401,0.0,32,Female,bachelor's degree,married,Central,Corporate Employee,1,1,1,1,1,0,0,1,0,0,1,1,1,1,1,1,0,1,0,0
1402,0.0,52,Male,bachelor's degree,married,Central,Corporate Employee,1,0,1,0,0,0,0,0,0,0,1,0,0,1,0,0,1,0,1,0
1417,0.0,25,Male,less than high school,single,Central,Corporate Employee,0,1,1,1,0,0,0,0,0,0,1,0,0,1,1,0,0,0,0,0
1422,0.0,53,Male,less than high school,married,Central,Entrepreneur,0,0,0,1,0,0,0,0,0,0,0,0,0,0,1,0,0,0,0,0
1423,0.0,45,Female,vocational certificate,single,Central,Corporate Employee,0,1,0,0,0,0,0,0,0,0,0,1,0,0,0,1,0,0,0,0
1424,0.0,23,Female,high school,single,Central,Student,0,0,1,1,0,0,0,0,0,0,1,0,0,0,1,1,1,0,1,0
1429,2.0,60,Male,high school,married,Central,Professional,0,0,0,0,0,0,0,0,0,1,0,0,0,0,1,0,0,0,0,0
1436,0.0,58,Female,less than high school,married,Central,Corporate Employee,1,0,1,1,0,0,0,0,0,0,0,0,0,1,0,0,0,0,0,0
1443,0.0,31,Female,bachelor's degree,single,Central,Unemployed,0,0,1,1,0,0,0,0,0,0,1,0,0,1,1,1,0,1,0,0
1446,0.0,43,Female,bachelor's degree,single,Central,Corporate Employee,1,1,1,1,0,0,0,0,0,0,1,0,0,1,1,1,0,1,1,0
1447,0.0,65,Female,bachelor's degree,married,Central,Entrepreneur,0,1,0,0,0,0,0,0,0,0,0,0,0,0,0,1,1,0,0,0
1450,1.0,76,Male,vocational certificate,married,Central,Freelancer,0,1,1,1,0,0,0,0,0,0,0,0,1,0,1,1,0,0,0,0
1451,0.0,63,Female,vocational certificate,married,Central,Corporate Employee,0,1,0,0,0,1,0,0,0,0,0,0,0,0,0,1,0,0,0,0
1452,0.0,30,Female,high school,married,Central,Entrepreneur,0,0,0,0,1,0,0,0,0,0,0,1,0,0,0,0,0,0,0,0
1455,0.0,47,Female,vocational certificate,divorce,Central,Entrepreneur,1,1,0,1,0,0,0,0,0,0,0,0,0,0,0,1,1,0,0,0
1461,0.0,34,Female,high school,single,Northeastern,Corporate Employee,1,0,0,0,0,1,0,0,0,0,0,0,0,0,1,1,0,1,0,0
1464,0.0,43,Female,others,married,Northeastern,Entrepreneur,1,1,1,0,0,0,0,1,0,1,1,0,0,0,0,1,0,0,0,0
1470,0.0,40,Female,others,married,Central,Corporate Employee,1,1,1,1,1,0,1,0,0,1,1,0,0,1,1,1,0,1,0,0
1473,0.0,25,Female,high school,single,Southern,Student,1,1,1,1,0,0,1,0,0,0,1,0,0,0,1,1,0,0,0,0
1484,0.0,62,Male,high school,married,Central,Corporate Employee,1,1,0,1,0,0,1,0,0,0,0,0,1,0,1,1,0,1,0,0
1487,0.0,38,Male,bachelor's degree,single,Central,Corporate Employee,1,1,1,0,0,1,1,0,0,0,1,0,0,0,1,0,1,0,0,1
1491,0.0,31,Female,bachelor's degree,single,Northern,Corporate Employee,1,0,1,1,0,0,0,0,0,0,1,0,0,0,1,1,0,0,0,0
1497,0.0,38,Male,bachelor's degree,single,Central,Corporate Employee,1,0,1,1,0,0,0,0,0,0,0,0,1,0,0,1,0,0,0,0
1500,0.0,47,Female,bachelor's degree,single,Central,Corporate Employee,0,0,0,1,0,0,0,0,0,0,0,0,0,1,0,0,0,0,0,0
1509,0.0,31,Male,high school,married,Northern,Corporate Employee,1,0,0,0,0,0,0,0,0,0,0,0,0,0,1,1,0,0,0,0
1512,2.0,48,Female,less than high school,married,Central,Freelancer,0,1,0,0,0,0,0,0,0,0,0,0,0,0,1,1,0,0,0,0
1513,0.0,34,Female,others,married,Eastern,Entrepreneur,0,1,0,0,0,0,0,0,0,0,0,0,0,0,0,0,0,1,0,0
1521,0.0,28,Female,high school,single,Northeastern,Entrepreneur,0,1,0,0,0,0,0,0,0,0,0,0,0,0,0,1,0,0,0,0
1528,0.0,40,Male,vocational certificate,single,Central,Unemployed,0,1,0,0,0,0,0,0,0,0,0,0,0,0,1,1,0,1,0,0
1541,0.0,46,Female,bachelor's degree,married,Northern,Entrepreneur,1,0,0,0,0,0,0,0,0,0,0,0,0,1,0,0,0,0,0,0
1544,0.0,22,Female,others,single,Northeastern,Student,0,0,1,1,1,0,0,0,0,0,1,0,0,0,1,0,0,0,0,0
1548,0.0,35,Female,bachelor's degree,single,Central,Entrepreneur,1,1,0,0,0,0,0,0,0,0,0,0,0,0,0,1,0,0,0,0
1561,0.0,29,Male,others,others,Southern,Student,0,1,0,0,0,0,0,0,0,0,0,0,0,0,0,1,0,0,0,0
1566,0.0,33,Female,high school,married,Central,Entrepreneur,0,0,1,0,0,0,0,0,0,0,1,0,1,0,0,0,0,0,0,0
1569,0.0,41,Male,bachelor's degree,single,Northern,Corporate Employee,1,1,0,0,0,0,0,0,1,0,0,0,0,0,0,1,1,0,0,0
1570,0.0,32,Female,bachelor's degree,single,Central,Student,1,1,1,0,0,0,1,0,1,0,1,0,0,1,1,1,1,1,0,0
1571,0.0,55,Male,others,others,Eastern,Corporate Employee,1,1,1,1,0,1,0,0,0,0,0,0,0,1,1,1,0,0,0,0
1574,0.0,54,Female,vocational certificate,separate,Central,Other,0,1,0,0,0,0,0,0,0,0,0,0,0,0,0,1,0,0,0,0
1580,0.0,30,Female,high school,single,Northeastern,Student,0,1,1,1,0,0,0,0,0,0,1,0,0,0,1,1,0,0,0,0
1583,0.0,41,Male,bachelor's degree,married,Central,Corporate Employee,1,0,1,1,0,0,1,0,0,0,0,0,1,0,0,0,0,0,0,0
1584,0.0,35,Female,high school,single,Central,Corporate Employee,1,0,1,1,0,0,1,0,0,0,1,0,0,1,1,0,1,0,0,0
1585,0.0,35,Female,bachelor's degree,married,Northeastern,Corporate Employee,0,0,1,1,0,0,0,0,0,0,1,0,0,1,1,1,0,0,0,0
1586,0.0,29,Female,bachelor's degree,married,Central,Corporate Employee,1,0,1,1,0,0,0,0,1,0,1,0,0,1,1,0,1,0,1,0
1589,0.0,45,Female,high school,married,Eastern,Corporate Employee,0,1,0,0,0,0,0,0,0,0,0,0,0,1,0,0,0,0,0,0
1595,0.0,32,Male,bachelor's degree,single,Western,Corporate Employee,0,1,0,0,0,0,0,0,0,0,0,0,0,0,0,1,0,0,0,0
1596,0.0,40,Male,bachelor's degree,single,Central,Entrepreneur,0,0,1,0,0,0,0,0,0,0,0,0,0,1,0,1,0,0,0,0
1603,0.0,52,Female,less than high school,married,Central,Entrepreneur,0,1,1,0,0,0,0,0,0,0,0,0,0,0,0,1,0,0,0,0
1604,1.0,43,Female,master's degree,single,Central,Freelancer,0,0,1,1,0,0,0,0,1,0,1,0,0,0,0,0,0,0,1,0
1605,0.0,55,Female,bachelor's degree,married,Central,Corporate Employee,1,1,1,0,0,0,1,0,0,0,1,0,0,1,0,1,0,0,0,0
1609,1.0,44,Female,high school,married,Eastern,Corporate Employee,0,0,0,1,0,0,0,0,0,0,0,0,0,0,0,0,1,0,0,0
1611,0.0,36,Female,high school,single,Central,Entrepreneur,1,0,1,1,0,0,0,0,0,0,1,0,0,1,1,0,0,0,0,0
1616,0.0,41,Female,others,single,Central,Entrepreneur,0,1,0,0,0,0,0,0,0,0,0,0,0,0,0,1,0,0,0,0
1619,1.0,43,Female,high school,married,Southern,Entrepreneur,0,1,0,0,0,0,0,0,0,0,0,0,0,0,1,1,0,0,0,0
1622,0.0,31,Female,vocational certificate,married,Central,Corporate Employee,1,1,0,0,0,0,0,0,0,0,0,0,0,0,0,1,0,0,0,0
1630,0.0,47,Male,others,single,Central,Entrepreneur,0,1,0,0,0,0,0,0,0,0,1,0,0,0,0,1,0,0,0,0
1632,0.0,38,Female,master's degree,married,Eastern,Corporate Employee,1,0,0,0,0,0,1,0,0,0,1,0,0,0,1,1,0,0,1,0
1635,0.0,75,Male,master's degree,married,Central,Freelancer,0,0,0,1,0,1,0,0,0,0,0,0,1,0,1,0,0,0,0,0
1645,0.0,28,Male,vocational certificate,single,Central,Student,0,0,1,1,0,0,0,0,1,0,1,0,0,0,1,0,0,1,1,0
1647,0.0,36,Male,high school,single,Central,Corporate Employee,1,1,0,0,0,0,0,0,0,0,0,0,0,1,0,1,0,0,0,0
1656,0.0,36,Female,bachelor's degree,single,Eastern,Corporate Employee,1,1,1,1,0,0,0,0,0,0,0,0,0,0,1,0,0,0,0,0
1661,0.0,28,Female,others,single,Central,Professional,0,0,1,1,0,0,0,0,0,0,1,0,0,0,1,0,0,0,0,0
1664,1.0,52,Female,others,single,Central,Unemployed,1,0,0,1,0,0,0,0,0,0,0,0,0,1,0,0,0,0,0,0
1672,0.0,24,Female,others,single,Central,Student,0,0,1,1,0,0,1,1,1,0,0,0,0,0,0,0,0,0,1,0
1677,0.0,50,Male,bachelor's degree,married,Eastern,Corporate Employee,0,1,1,1,0,0,0,0,0,0,1,0,0,0,1,1,0,0,0,0
1679,0.0,40,Female,bachelor's degree,single,Eastern,Corporate Employee,1,0,0,0,0,0,0,0,0,0,0,0,1,0,0,1,1,0,1,0
1687,0.0,43,Female,high school,single,Central,Corporate Employee,0,1,0,1,0,0,0,0,0,0,0,0,0,0,1,1,0,0,0,0
1693,1.0,62,Male,less than high school,married,Central,Corporate Employee,0,1,1,1,0,0,0,0,0,0,0,0,0,0,1,1,0,0,0,0
1700,0.0,43,Female,bachelor's degree,married,Central,Homemaker,0,1,1,1,0,0,0,0,0,0,0,0,1,0,0,1,1,0,0,0
1703,0.0,29,Male,others,single,Central,Corporate Employee,0,1,0,0,0,0,0,0,0,0,0,0,0,0,0,1,1,0,0,0
1705,0.0,28,Female,vocational certificate,single,Northeastern,Corporate Employee,1,0,1,0,0,1,1,0,0,0,1,0,0,0,0,1,0,0,0,0
1708,1.0,60,Male,bachelor's degree,single,Eastern,Entrepreneur,0,1,0,0,0,0,0,1,0,0,0,0,0,0,1,1,0,0,0,0
1710,0.0,29,Male,bachelor's degree,single,Southern,Student,0,0,0,0,0,0,0,0,1,0,0,1,0,0,0,1,0,0,0,0
1717,0.0,25,Female,others,single,Central,Corporate Employee,0,1,0,0,0,1,0,0,0,0,0,0,0,0,1,1,0,0,0,0
1721,0.0,40,Male,others,single,Central,Corporate Employee,0,0,0,1,0,0,0,0,0,1,0,0,0,0,1,0,0,0,0,0
1727,0.0,31,Female,others,single,Northeastern,Corporate Employee,1,1,1,0,0,0,0,0,0,0,1,0,0,1,0,1,0,0,0,0
1729,1.0,48,Male,bachelor's degree,divorce,Southern,Corporate Employee,1,0,1,1,1,0,0,0,0,0,1,0,0,0,1,0,0,1,0,0
1735,0.0,47,Female,others,single,Central,Corporate Employee,1,0,0,1,0,0,0,0,0,0,0,0,0,0,1,0,0,0,0,0
1738,1.0,63,Female,vocational certificate,widow,Southern,Homemaker,0,1,0,0,0,0,0,0,0,0,0,0,0,0,0,1,0,0,0,1
1749,0.0,39,Female,bachelor's degree,married,Central,Corporate Employee,0,0,1,0,0,0,0,0,1,0,0,0,0,0,1,0,1,0,0,0
1756,0.0,61,Female,bachelor's degree,single,Central,Corporate Employee,0,1,0,0,0,1,0,0,0,0,0,0,0,0,0,1,0,0,0,0
1760,0.0,41,Female,bachelor's degree,single,Southern,Corporate Employee,1,0,0,0,0,0,0,0,0,0,0,0,0,0,0,1,0,0,0,0
1788,0.0,37,Male,others,others,Central,Corporate Employee,1,0,0,0,0,0,1,0,0,0,0,0,0,1,0,1,0,0,0,0
1792,0.0,44,Female,bachelor's degree,divorce,Western,Entrepreneur,0,0,1,1,0,0,0,0,0,0,1,0,0,0,1,0,0,0,1,0
1794,0.0,33,Female,less than high school,single,Central,Corporate Employee,1,1,1,0,0,0,0,0,0,0,0,0,0,0,0,1,0,0,0,0
1796,0.0,24,Female,others,single,Central,Corporate Employee,0,0,1,1,0,0,0,0,0,0,0,0,1,0,0,0,0,1,0,0
1801,0.0,31,Male,bachelor's degree,single,Central,Corporate Employee,1,1,1,1,0,0,0,0,0,0,1,0,0,0,0,0,0,0,1,0
1804,0.0,26,Male,others,single,Central,Corporate Employee,1,0,1,1,0,0,0,0,0,0,1,0,0,0,1,0,0,0,0,0
1805,0.0,33,Female,vocational certificate,married,Northeastern,Corporate Employee,0,1,0,0,0,0,0,0,0,0,0,0,0,0,0,1,0,0,0,0
1817,0.0,27,Female,others,single,Central,Corporate Employee,1,0,0,0,0,0,0,0,0,0,1,0,0,0,1,0,0,0,0,0
1818,0.0,28,Male,high school,single,Central,Corporate Employee,0,1,0,0,0,0,0,0,0,0,1,0,0,0,1,0,0,0,0,0
1819,0.0,52,Female,others,married,Eastern,Corporate Employee,0,0,1,0,1,0,0,0,0,0,0,1,0,0,0,1,0,0,0,0
1822,0.0,28,Female,bachelor's degree,single,Central,Corporate Employee,1,0,0,0,0,0,0,0,0,0,0,0,0,0,0,1,0,0,0,0
1826,0.0,38,Male,vocational certificate,married,Central,Corporate Employee,0,1,0,0,0,0,0,0,1,0,0,0,0,0,0,1,0,0,0,0
1830,0.0,46,Male,bachelor's degree,single,Northern,Corporate Employee,1,1,0,0,0,0,0,0,1,0,1,0,0,1,1,1,0,0,1,0
1831,0.0,43,Male,master's degree,married,Central,Corporate Employee,1,0,1,0,0,0,0,0,1,0,0,0,0,1,0,0,0,0,0,0
1837,0.0,52,Female,bachelor's degree,others,Central,Unemployed,1,1,0,0,0,0,0,0,0,1,0,0,0,0,0,1,0,0,0,0
1842,0.0,33,Female,others,single,Central,Corporate Employee,0,1,0,0,0,0,0,0,0,0,0,0,0,0,1,0,0,0,0,0
1849,0.0,36,Female,bachelor's degree,married,Central,Corporate Employee,0,1,0,1,0,0,0,0,1,0,1,0,0,0,1,0,0,0,0,0
1850,0.0,47,Female,bachelor's degree,divorce,Central,Corporate Employee,1,0,0,0,1,0,0,0,1,1,0,0,0,0,0,0,0,0,0,1
1857,0.0,40,Female,high school,single,Central,Corporate Employee,0,1,1,0,0,0,0,0,0,0,0,1,0,0,0,0,0,0,0,0
1866,0.0,65,Male,others,married,Central,Entrepreneur,0,0,0,1,0,0,0,0,0,0,0,0,0,0,1,0,0,0,0,0
1869,0.0,53,Female,others,single,Central,Freelancer,1,1,0,0,0,0,0,0,0,0,0,0,0,1,1,1,0,0,0,0
1878,1.0,47,Female,others,single,Central,Entrepreneur,1,1,0,0,0,0,0,0,0,0,0,0,0,1,0,0,1,0,0,0
1883,0.0,51,Female,vocational certificate,married,Central,Corporate Employee,1,0,0,0,0,0,0,0,0,0,0,0,0,0,1,0,0,0,1,0
1887,0.0,79,Female,high school,married,Central,Homemaker,0,1,0,1,0,0,0,0,0,0,0,0,0,0,1,1,0,0,0,0
1890,0.0,62,Male,bachelor's degree,divorce,Central,Entrepreneur,1,0,0,0,0,0,0,0,0,0,0,0,1,0,0,0,0,0,0,0
1893,0.0,30,Male,bachelor's degree,single,Northern,Other,1,0,0,0,0,0,0,0,0,0,1,0,0,0,1,1,0,0,0,0
1921,0.0,26,Male,vocational certificate,single,Central,Corporate Employee,1,0,1,1,0,0,0,0,0,0,1,1,0,1,1,0,0,0,0,0
1923,0.0,36,Female,high school,single,Central,Corporate Employee,1,1,1,0,0,0,0,0,0,0,0,0,0,1,0,1,0,1,0,0
1926,0.0,20,Female,others,others,Southern,Student,0,0,1,1,0,0,0,0,0,0,0,0,0,0,0,0,1,0,0,0
1928,0.0,47,Male,less than high school,married,Central,Freelancer,0,0,0,0,1,0,0,0,0,0,0,1,0,0,0,1,0,0,0,0
1929,0.0,25,Male,high school,single,Central,Corporate Employee,1,1,1,0,0,0,0,0,0,0,0,0,0,0,0,1,0,0,0,0
1931,0.0,28,Male,less than high school,single,Northeastern,Corporate Employee,0,0,1,0,0,0,0,0,0,0,1,0,0,0,0,1,0,1,0,0
1938,0.0,42,Male,bachelor's degree,married,Central,Entrepreneur,1,0,1,1,0,0,0,0,0,0,0,0,0,0,0,0,0,0,1,0
1940,0.0,24,Female,vocational certificate,single,Central,Freelancer,0,0,1,1,0,0,0,0,0,0,1,0,0,0,1,1,1,1,1,0
1944,0.0,57,Male,bachelor's degree,married,Central,Corporate Employee,0,1,0,1,0,0,1,0,0,0,0,0,0,0,1,1,0,0,0,0
1963,0.0,56,Female,bachelor's degree,married,Central,Freelancer,1,0,0,0,0,1,0,0,0,0,0,0,0,1,1,0,1,0,0,0
1970,0.0,43,Female,bachelor's degree,single,Western,Corporate Employee,0,1,0,0,0,0,0,0,0,0,0,0,0,0,0,1,0,0,0,0
1987,0.0,44,Female,high school,single,Central,Entrepreneur,1,1,1,1,0,0,0,0,0,0,0,0,0,0,1,1,0,0,0,0
1990,0.0,45,Female,vocational certificate,single,Southern,Corporate Employee,0,1,0,0,0,0,0,0,0,0,0,0,0,0,0,1,0,1,0,0
1992,0.0,37,Male,bachelor's degree,single,Northern,Corporate Employee,1,0,1,1,0,1,0,0,0,0,1,0,0,1,1,1,1,0,0,0
1994,0.0,40,Female,bachelor's degree,single,Northern,Corporate Employee,1,1,1,1,1,0,1,0,0,0,1,1,0,0,1,1,0,0,0,0
1995,0.0,36,Female,high school,single,Central,Corporate Employee,0,0,1,0,0,0,1,0,0,1,1,0,0,1,0,1,0,0,0,1
1998,0.0,46,Female,high school,married,Eastern,Corporate Employee,1,1,1,0,0,0,0,0,0,0,0,0,0,0,0,1,0,0,0,0
2010,2.0,58,Female,vocational certificate,married,Central,Corporate Employee,0,1,1,0,1,0,0,0,0,0,0,0,0,0,0,1,0,0,0,0
2013,0.0,31,Female,others,married,Central,Corporate Employee,1,1,0,0,0,0,0,0,0,0,0,0,0,1,1,1,0,0,0,0
2021,0.0,34,Female,bachelor's degree,single,Central,Corporate Employee,1,0,1,1,0,0,1,0,0,1,1,1,0,0,1,0,0,1,1,0
2027,0.0,27,Male,bachelor's degree,married,Northern,Entrepreneur,1,0,1,0,1,0,0,0,0,0,0,1,0,0,1,0,0,0,0,0
2034,0.0,45,Female,bachelor's degree,single,Northeastern,Corporate Employee,1,1,1,1,0,0,1,0,0,0,0,0,0,1,0,0,0,0,0,0
2036,0.0,57,Female,bachelor's degree,single,Eastern,Homemaker,1,0,0,0,0,0,1,0,0,0,0,0,0,0,1,0,0,1,0,0
2042,0.0,39,Female,bachelor's degree,single,Central,Corporate Employee,1,0,1,0,0,0,0,0,0,0,0,0,1,0,0,1,0,0,0,1
2053,0.0,29,Female,bachelor's degree,single,Central,Student,1,1,1,0,0,0,0,0,0,0,0,0,0,0,0,1,0,0,0,0
2056,0.0,35,Male,bachelor's degree,single,Northeastern,Entrepreneur,1,1,0,0,0,1,1,0,0,0,0,0,1,0,0,1,0,0,0,0
2059,0.0,45,Male,bachelor's degree,single,Central,Professional,1,1,1,1,0,0,0,0,0,0,1,0,0,0,1,1,0,0,0,0
2079,0.0,45,Female,vocational certificate,married,Central,Entrepreneur,1,1,1,0,0,0,0,0,0,1,0,0,0,0,0,1,0,0,0,0
2080,0.0,55,Female,bachelor's degree,married,Central,Corporate Employee,1,1,0,0,0,0,0,0,0,0,0,0,0,0,0,1,0,0,0,0
2082,0.0,51,Male,bachelor's degree,single,Central,Corporate Employee,1,0,0,0,0,0,0,0,0,0,0,0,0,0,0,0,1,0,0,0
2095,0.0,31,Female,high school,married,Northern,Corporate Employee,0,1,1,0,0,0,0,0,0,0,1,0,0,0,0,1,0,0,0,0
2102,0.0,50,Male,vocational certificate,single,Central,Corporate Employee,0,0,0,1,0,0,0,0,0,0,0,0,0,0,1,0,0,0,0,0
2103,0.0,33,Male,high school,single,Southern,Corporate Employee,0,1,1,0,0,0,0,0,0,0,0,0,0,0,0,1,0,0,0,0
2106,0.0,50,Female,bachelor's degree,married,Central,Professional,1,1,1,1,1,1,0,1,0,0,1,0,0,1,1,1,0,0,1,0
2114,0.0,63,Male,vocational certificate,single,Central,Corporate Employee,0,0,0,0,0,1,0,0,0,0,1,0,0,0,0,0,1,0,0,0
2115,0.0,51,Female,bachelor's degree,married,Central,Professional,1,0,0,0,0,0,0,0,0,0,1,0,0,1,0,0,0,0,0,0
2122,0.0,32,Male,others,single,Northern,Corporate Employee,1,0,0,0,0,0,0,0,0,0,0,0,0,1,0,0,0,0,0,0
2124,0.0,68,Female,bachelor's degree,single,Northern,Corporate Employee,0,1,0,0,0,0,0,0,0,0,0,0,0,0,0,1,0,0,0,0
2125,0.0,27,Female,less than high school,single,Northeastern,Unemployed,1,0,1,1,0,1,0,0,1,0,1,0,0,1,1,0,1,1,0,0
2129,0.0,66,Male,master's degree,married,Central,Corporate Employee,0,1,0,0,0,0,0,0,0,0,0,0,1,0,0,1,0,0,0,0
2130,0.0,31,Female,vocational certificate,single,Eastern,Corporate Employee,0,1,0,0,0,0,1,0,0,0,0,0,1,0,0,0,0,0,0,0
2133,0.0,55,Female,master's degree,married,Central,Professional,1,0,0,0,0,0,0,0,0,1,0,0,0,1,0,1,0,0,0,0
2141,1.0,37,Female,others,married,Eastern,Corporate Employee,0,1,1,1,0,0,0,0,0,0,1,0,0,1,0,1,0,0,0,0
2145,0.0,38,Male,bachelor's degree,married,Central,Corporate Employee,1,0,1,1,0,0,0,0,0,0,0,1,0,0,0,0,0,0,0,0
2151,0.0,38,Female,high school,married,Central,Freelancer,0,1,0,0,1,0,0,0,0,0,1,0,0,0,0,1,0,0,0,0
2152,0.0,39,Female,bachelor's degree,married,Eastern,Entrepreneur,1,0,0,0,0,0,0,0,0,0,1,0,1,0,1,0,0,1,1,0
2160,0.0,28,Male,others,single,Central,Corporate Employee,1,1,1,1,0,0,0,0,1,0,1,0,0,0,1,1,0,0,1,0
2163,0.0,38,Female,bachelor's degree,married,Northeastern,Entrepreneur,1,0,0,0,1,0,0,1,0,1,0,0,0,1,0,0,0,1,0,0
2167,0.0,32,Female,bachelor's degree,single,Central,Entrepreneur,1,1,0,0,0,0,0,0,0,1,0,0,0,0,1,1,0,1,0,1
2175,0.0,45,Male,bachelor's degree,married,Central,Entrepreneur,1,1,1,0,1,0,1,0,1,0,1,0,0,1,0,1,0,0,0,0
2176,0.0,30,Female,bachelor's degree,single,Central,Corporate Employee,1,1,1,1,0,0,0,0,0,0,1,0,0,1,1,1,0,0,1,0
2181,0.0,41,Female,bachelor's degree,married,Northeastern,Professional,0,1,1,0,0,0,0,0,0,0,1,0,0,0,0,1,0,1,0,0
2182,0.0,36,Male,high school,single,Central,Corporate Employee,0,0,1,0,0,0,0,0,0,0,0,0,0,0,1,0,0,0,0,0
2191,0.0,41,Female,bachelor's degree,single,Central,Corporate Employee,1,0,0,0,0,1,1,0,1,0,0,1,0,1,0,0,0,0,1,0
2204,2.0,63,Female,master's degree,single,Central,Entrepreneur,0,0,0,0,1,0,0,0,0,0,0,1,0,0,0,0,0,0,0,0
2212,1.0,51,Female,others,married,Central,Entrepreneur,1,0,0,0,0,0,0,0,0,0,0,0,0,0,0,0,0,0,1,0
2219,0.0,22,Female,others,single,Northern,Student,0,1,1,0,0,0,0,0,0,0,1,0,0,0,1,1,0,1,1,0
2221,0.0,40,Female,bachelor's degree,single,Central,Corporate Employee,1,1,1,1,0,1,1,0,0,0,1,0,1,1,1,0,1,0,0,0
2223,0.0,28,Female,less than high school,single,Northern,Corporate Employee,1,1,0,0,0,0,0,0,0,0,0,0,0,0,0,1,0,0,0,0
2225,0.0,42,Female,bachelor's degree,married,Eastern,Corporate Employee,0,1,1,1,0,0,0,0,0,0,0,0,1,0,0,1,0,0,0,0
2232,0.0,55,Female,high school,single,Central,Unemployed,0,0,0,0,1,0,0,0,0,0,0,1,0,0,0,0,0,0,0,0
2233,0.0,40,Female,master's degree,single,Central,Corporate Employee,1,0,1,1,0,1,1,0,0,0,0,0,0,1,0,1,0,1,0,0
2236,0.0,24,Female,bachelor's degree,single,Eastern,Student,0,0,1,1,0,0,0,0,0,0,1,0,0,0,1,0,1,1,0,0
2239,0.0,36,Female,high school,married,Central,Professional,0,1,1,1,0,0,0,0,0,0,0,0,0,0,0,1,0,0,0,0
2241,0.0,43,Female,bachelor's degree,single,Northeastern,Entrepreneur,0,0,0,0,1,0,0,0,0,1,0,1,0,0,0,0,0,0,0,0
2249,0.0,32,Female,others,single,Northeastern,Corporate Employee,0,0,1,1,0,1,1,0,1,0,1,0,0,0,1,1,0,0,1,0
2250,0.0,51,Male,less than high school,married,Northeastern,Corporate Employee,0,1,0,0,0,0,0,0,0,0,0,0,0,0,1,1,0,0,0,0
2252,0.0,61,Male,master's degree,married,Central,Homemaker,1,0,0,0,0,0,0,0,0,0,0,1,0,1,0,1,0,1,0,0
2258,0.0,31,Male,high school,single,Central,Freelancer,0,0,1,0,0,0,0,0,0,0,0,0,0,0,1,1,0,0,0,0
2260,0.0,50,Female,others,married,Southern,Freelancer,1,1,0,0,0,0,0,0,0,0,0,0,0,0,0,1,0,1,0,0
2261,0.0,55,Female,bachelor's degree,single,Central,Corporate Employee,0,0,1,0,0,0,1,0,0,0,0,0,1,0,0,1,0,0,0,0
2262,0.0,28,Male,bachelor's degree,single,Central,Corporate Employee,1,1,1,1,0,0,0,0,0,0,1,0,0,0,1,1,0,0,0,0
2264,0.0,25,Female,others,others,Northern,Student,1,1,1,1,0,0,1,0,0,0,1,0,0,0,0,1,0,1,1,0
2273,0.0,36,Male,high school,single,Central,Corporate Employee,0,1,0,0,0,0,0,1,0,0,0,0,0,0,0,1,0,0,0,0
2277,0.0,45,Female,doctorate's degree,single,Northeastern,Professional,0,1,0,0,0,0,0,0,0,0,0,0,0,0,0,1,0,0,0,0
2281,0.0,40,Female,bachelor's degree,married,Central,Corporate Employee,0,0,0,0,0,0,0,1,0,0,0,1,0,0,0,0,1,0,0,0
2282,1.0,40,Female,bachelor's degree,married,Central,Corporate Employee,1,0,1,1,0,0,0,0,1,0,1,0,0,0,1,1,0,0,0,0
2284,0.0,41,Male,bachelor's degree,married,Southern,Corporate Employee,0,0,0,0,1,1,1,0,0,0,0,0,1,0,1,1,1,1,0,0
2290,0.0,33,Female,bachelor's degree,single,Central,Unemployed,0,0,1,0,0,1,0,0,0,0,1,0,0,0,1,0,0,0,0,0
2292,0.0,48,Female,vocational certificate,single,Central,Corporate Employee,0,0,0,0,1,0,0,0,0,0,0,1,0,0,1,0,0,0,0,0
2293,0.0,34,Female,bachelor's degree,married,Central,Corporate Employee,0,0,0,0,0,0,0,0,1,0,1,0,0,0,0,0,0,0,0,0
2301,3.0,65,Male,bachelor's degree,married,Central,Corporate Employee,1,0,0,0,0,0,0,0,0,0,0,0,0,1,0,0,0,0,0,0
2302,0.0,46,Male,less than high school,single,Eastern,Freelancer,1,1,0,1,0,0,0,1,0,0,0,0,1,0,0,1,0,1,0,0
2314,0.0,49,Female,bachelor's degree,single,Northern,Entrepreneur,1,1,1,0,0,0,0,0,0,0,0,0,1,0,0,1,0,0,0,0
2323,0.0,45,Female,others,married,Central,Entrepreneur,0,1,0,0,0,0,0,0,0,0,0,0,0,0,1,0,0,0,0,0
2341,0.0,46,Female,others,married,Central,Corporate Employee,1,1,0,1,0,0,0,0,0,0,0,0,0,0,0,1,0,0,0,0
2351,0.0,43,Male,bachelor's degree,married,Central,Corporate Employee,1,1,1,0,0,0,0,0,0,0,0,0,0,0,0,0,0,1,0,0
2357,0.0,27,Female,less than high school,single,Central,Student,1,0,1,1,0,1,1,0,0,0,0,0,1,0,0,1,1,0,1,0
2372,0.0,36,Female,bachelor's degree,single,Central,Student,0,0,1,0,0,0,0,0,0,0,1,0,0,0,0,0,0,0,0,0
2382,0.0,34,Male,others,married,Eastern,Corporate Employee,0,0,1,0,0,0,0,0,0,0,1,0,0,0,0,0,0,0,0,0
2384,0.0,58,Female,bachelor's degree,married,Central,Corporate Employee,1,1,0,0,0,1,0,0,0,0,0,0,0,1,0,1,0,0,0,0
2390,0.0,54,Male,bachelor's degree,single,Northeastern,Entrepreneur,0,1,0,0,0,0,1,0,0,1,0,1,1,0,0,1,0,0,0,0
2394,0.0,51,Female,bachelor's degree,married,Central,Corporate Employee,1,1,0,0,0,0,0,0,0,0,0,0,0,1,0,1,0,0,0,0
2401,1.0,57,Female,less than high school,married,Central,Entrepreneur,0,1,1,0,0,0,0,0,0,0,0,0,0,0,0,1,0,1,0,0
2406,0.0,48,Male,bachelor's degree,single,Central,Corporate Employee,1,0,0,0,0,0,0,0,0,0,0,0,0,1,0,0,0,0,0,0
2413,0.0,39,Female,high school,married,Northeastern,Entrepreneur,0,0,0,0,1,0,0,0,0,0,0,0,0,1,0,0,0,0,0,1
2418,0.0,33,Male,high school,single,Eastern,Corporate Employee,0,1,0,0,0,0,0,0,0,0,0,0,0,1,0,1,0,0,0,0
2423,0.0,64,Male,vocational certificate,married,Eastern,Entrepreneur,0,0,0,0,0,0,0,0,0,1,1,0,0,0,0,1,0,0,0,0
2432,0.0,63,Female,master's degree,single,Central,Corporate Employee,1,1,1,1,0,0,0,0,0,0,1,0,0,1,1,1,0,0,0,0
2433,0.0,47,Male,high school,single,Central,Freelancer,0,1,0,0,0,0,1,0,0,0,0,0,1,0,1,1,0,0,0,0
2434,0.0,35,Female,bachelor's degree,single,Central,Corporate Employee,0,0,1,1,0,0,1,0,1,0,1,0,1,0,1,0,0,0,1,0
2435,0.0,36,Female,less than high school,divorce,Northeastern,Entrepreneur,0,0,1,0,0,0,0,0,0,0,0,0,0,1,0,1,0,0,0,0
2436,0.0,52,Female,vocational certificate,others,Central,Corporate Employee,1,0,0,0,1,0,0,0,0,1,0,1,0,1,0,1,0,0,0,0
2443,0.0,25,Female,bachelor's degree,single,Northern,Corporate Employee,1,1,1,0,0,0,0,0,0,0,0,1,0,1,0,1,0,0,0,0
2445,1.0,55,Female,bachelor's degree,married,Central,Corporate Employee,0,1,0,0,0,0,0,0,0,0,0,0,0,1,0,1,0,0,0,0
2451,0.0,24,Female,others,others,Northeastern,Student,0,0,1,1,0,1,0,0,0,0,1,0,0,0,0,0,0,0,0,0
2473,2.0,49,Female,bachelor's degree,married,Central,Professional,1,0,1,0,0,0,0,0,0,1,0,0,0,0,0,0,0,0,1,0
2483,0.0,41,Female,high school,single,Central,Corporate Employee,0,0,0,1,0,0,0,0,0,0,0,0,0,0,1,0,0,0,0,0
2485,0.0,48,Female,vocational certificate,married,Central,Corporate Employee,1,1,1,0,0,0,0,0,0,0,0,0,0,1,0,1,0,0,0,0
2488,0.0,27,Male,bachelor's degree,single,Central,Student,0,1,1,1,1,0,1,1,0,0,1,0,1,0,1,1,1,0,0,0
2491,0.0,40,Female,bachelor's degree,single,Central,Corporate Employee,1,0,1,1,1,0,0,0,0,0,1,0,0,0,0,0,0,0,0,1
2504,0.0,44,Male,vocational certificate,single,Central,Entrepreneur,1,0,0,0,0,1,0,0,0,0,0,0,0,1,0,0,0,0,0,0
2506,1.0,49,Female,vocational certificate,married,Eastern,Corporate Employee,0,0,0,1,0,0,0,0,0,0,0,0,0,0,1,0,0,0,0,0
2509,0.0,28,Female,high school,single,Central,Corporate Employee,0,0,0,1,0,0,0,0,0,0,1,0,0,1,1,0,0,0,0,0
2511,0.0,47,Female,less than high school,married,Central,Corporate Employee,0,0,0,1,0,0,0,0,0,0,0,0,0,0,0,1,0,0,1,0
2521,0.0,46,Male,bachelor's degree,married,Central,Corporate Employee,1,0,1,0,0,0,0,0,0,0,1,1,0,0,0,0,0,0,0,0
2527,0.0,31,Female,high school,single,Northeastern,Student,0,0,1,1,0,0,0,0,0,0,1,0,0,0,1,0,0,0,0,0
2532,0.0,44,Male,bachelor's degree,single,Central,Corporate Employee,0,1,1,1,1,0,0,0,0,0,1,0,0,0,1,1,0,0,0,0
2533,0.0,43,Male,high school,married,Central,Entrepreneur,1,1,0,0,0,0,0,0,0,0,0,0,0,0,0,1,0,0,0,0
2550,0.0,48,Female,high school,widow,Central,Corporate Employee,1,0,0,0,0,0,0,0,0,0,0,1,0,0,0,0,0,1,0,0
2551,0.0,51,Female,high school,single,Central,Corporate Employee,1,0,0,0,1,0,0,0,0,0,0,0,0,0,0,1,0,0,0,0
2558,0.0,40,Female,master's degree,single,Southern,Corporate Employee,1,1,1,1,0,0,0,0,1,0,1,0,1,0,1,1,0,0,0,0
2561,0.0,46,Male,vocational certificate,single,Central,Entrepreneur,0,0,0,0,0,0,1,0,0,0,1,0,0,0,0,0,0,1,0,0
2571,0.0,47,Male,others,married,Central,Corporate Employee,0,1,0,0,0,0,0,0,0,0,0,0,0,0,0,1,0,0,0,0
2575,0.0,34,Female,master's degree,single,Northern,Professional,0,0,1,0,0,0,0,0,0,0,0,0,0,0,1,0,1,1,0,0
2579,0.0,35,Male,bachelor's degree,single,Central,Corporate Employee,1,0,0,0,0,0,0,0,0,0,0,0,0,1,0,1,1,0,0,0
2590,0.0,36,Male,bachelor's degree,single,Central,Corporate Employee,1,0,1,0,0,0,0,0,1,0,0,0,0,0,1,0,0,0,0,0
2592,0.0,55,Female,bachelor's degree,married,Northern,Entrepreneur,0,1,1,1,1,0,0,0,0,1,1,1,0,0,1,1,0,0,0,0
2603,0.0,32,Female,vocational certificate,single,Northeastern,Corporate Employee,0,0,1,0,0,0,0,0,0,0,0,0,0,0,0,0,0,1,0,0
2605,0.0,28,Female,vocational certificate,married,Eastern,Corporate Employee,0,1,1,1,0,0,0,0,0,0,1,0,0,0,1,1,0,0,0,0
2616,0.0,38,Female,bachelor's degree,single,Central,Corporate Employee,1,1,1,0,1,0,0,0,0,0,0,0,0,1,0,1,0,0,0,0
2622,0.0,45,Male,vocational certificate,single,Central,Freelancer,0,1,0,0,0,0,1,0,0,0,0,0,0,0,1,1,1,1,0,0
2626,0.0,25,Female,less than high school,married,Central,Homemaker,0,1,0,0,0,0,0,0,0,0,1,0,0,0,0,0,0,0,0,0
2632,0.0,23,Male,vocational certificate,single,Northeastern,Student,0,0,1,0,0,0,0,0,0,0,0,0,0,0,0,0,0,1,0,0
2633,0.0,27,Female,others,single,Central,Corporate Employee,1,1,1,1,0,0,0,1,0,1,1,0,0,0,1,0,0,0,0,0
2638,0.0,63,Female,bachelor's degree,married,Central,Entrepreneur,1,1,0,0,0,0,0,0,0,0,1,0,1,0,1,1,1,0,0,0
2644,0.0,28,Female,bachelor's degree,single,Central,Corporate Employee,0,0,1,1,0,0,0,0,0,0,1,0,0,0,1,0,0,0,0,0
2646,0.0,41,Female,high school,married,Central,Freelancer,0,0,0,1,0,0,0,0,0,0,0,0,0,0,1,0,0,0,0,0
2651,0.0,40,Male,high school,single,Southern,Corporate Employee,1,0,0,0,0,0,0,0,0,0,0,0,0,0,1,0,0,0,0,0
2661,0.0,22,Female,others,single,Northeastern,Student,0,1,1,1,0,0,0,0,0,0,1,0,0,0,0,1,1,0,0,0
2665,0.0,46,Female,others,single,Northern,Corporate Employee,0,1,1,1,0,0,0,0,0,0,0,0,0,0,0,1,0,0,1,0
2666,0.0,55,Female,less than high school,others,Central,Corporate Employee,0,0,0,1,0,0,0,0,0,0,0,0,0,0,1,0,0,0,0,0
2671,0.0,29,Female,bachelor's degree,single,Northern,Unemployed,1,1,1,0,0,0,0,0,0,0,1,0,0,1,1,0,1,0,0,0
2685,2.0,58,Female,high school,married,Northeastern,Freelancer,0,1,0,0,0,0,0,0,0,0,0,0,0,0,1,1,0,0,0,0
2690,0.0,25,Male,bachelor's degree,single,Central,Student,1,0,0,1,0,0,1,0,0,0,1,0,0,0,1,0,0,1,0,0
2691,0.0,45,Male,master's degree,single,Southern,Corporate Employee,1,0,0,0,0,0,0,0,0,0,0,0,0,1,0,0,0,0,0,0
2692,0.0,29,Male,master's degree,single,Central,Corporate Employee,0,1,1,1,0,1,0,0,0,0,1,0,0,0,0,1,0,0,0,0
2698,0.0,28,Male,bachelor's degree,single,Central,Corporate Employee,1,1,1,0,0,0,0,0,0,0,0,0,0,0,0,1,0,0,0,0
2706,0.0,25,Female,bachelor's degree,single,Central,Student,0,0,1,1,0,0,0,0,1,0,1,0,0,0,1,1,0,0,1,0
2710,0.0,50,Male,high school,married,Central,Corporate Employee,0,0,0,0,1,0,0,0,0,0,0,0,0,0,0,1,0,0,0,0
2712,1.0,59,Male,bachelor's degree,married,Central,Corporate Employee,0,1,1,1,0,0,0,0,1,0,1,0,0,0,1,1,0,0,1,0
2715,0.0,31,Male,vocational certificate,single,Eastern,Student,0,1,1,1,0,1,0,0,0,0,1,0,0,0,1,1,0,0,1,0
2718,0.0,32,Female,bachelor's degree,single,Western,Entrepreneur,0,1,1,1,0,0,0,1,0,0,0,0,0,0,0,0,0,0,1,0
2725,0.0,41,Male,high school,single,Central,Unemployed,0,0,1,0,0,0,0,1,0,0,0,0,1,0,0,1,1,0,0,0
2729,0.0,48,Female,bachelor's degree,married,Central,Corporate Employee,1,1,0,0,0,0,0,0,0,0,0,0,1,1,0,0,0,0,0,0
2731,0.0,44,Male,bachelor's degree,married,Central,Entrepreneur,0,0,0,1,0,0,0,0,0,0,0,0,0,0,0,1,0,0,0,0
2739,0.0,54,Female,bachelor's degree,single,Central,Corporate Employee,1,0,0,1,0,0,0,0,0,0,0,0,0,1,0,0,0,0,0,0
2748,0.0,35,Female,others,married,Central,Corporate Employee,1,0,1,1,0,0,0,0,0,0,1,0,0,0,1,1,0,1,0,0
2751,0.0,26,Female,bachelor's degree,single,Central,Corporate Employee,1,0,1,1,0,0,0,0,0,0,1,0,0,0,1,0,0,0,0,0
2760,0.0,54,Female,others,married,Central,Entrepreneur,0,1,0,0,1,0,0,0,0,0,0,0,0,0,1,1,0,0,0,0
2769,0.0,40,Female,bachelor's degree,married,Central,Corporate Employee,1,1,0,0,0,0,0,0,0,0,1,1,0,1,0,1,0,0,0,0
2774,0.0,42,Female,high school,single,Western,Entrepreneur,0,0,1,0,1,0,0,0,0,0,0,1,0,0,0,0,1,0,0,0
2776,1.0,51,Female,high school,married,Eastern,Homemaker,1,1,0,0,0,0,0,0,0,0,0,0,0,1,0,1,0,0,0,0
2781,0.0,35,Female,bachelor's degree,single,Southern,Corporate Employee,0,0,1,0,0,0,1,0,0,1,1,0,0,0,1,1,0,0,0,0
2784,0.0,41,Female,bachelor's degree,married,Northeastern,Entrepreneur,1,1,1,0,0,0,0,0,0,0,0,0,1,1,0,1,0,0,0,1
2785,1.0,59,Female,less than high school,married,Central,Entrepreneur,0,1,0,0,0,0,0,0,0,0,0,0,0,0,0,1,0,0,0,0
2791,0.0,39,Male,bachelor's degree,married,Northern,Professional,1,1,1,0,0,0,0,0,0,0,0,0,1,1,1,1,0,1,1,0
2797,0.0,27,Female,high school,single,Eastern,Corporate Employee,0,0,1,0,0,0,0,0,0,0,0,0,0,0,0,1,0,0,0,0
2810,0.0,56,Female,master's degree,single,Northeastern,Corporate Employee,1,0,1,0,0,0,0,1,1,0,1,0,0,0,1,1,0,0,0,1
2821,0.0,47,Male,bachelor's degree,married,Central,Corporate Employee,1,0,0,0,0,0,1,0,0,0,0,0,0,1,0,1,0,0,0,0
2827,0.0,32,Female,less than high school,single,Northeastern,Corporate Employee,0,0,0,1,0,0,0,0,0,0,0,0,0,0,1,0,0,0,0,0
2842,0.0,50,Male,high school,married,Northern,Corporate Employee,1,1,0,0,0,0,0,0,0,0,0,1,0,1,1,1,1,0,0,0
2846,0.0,33,Female,bachelor's degree,single,Central,Corporate Employee,0,1,0,0,0,0,0,0,1,0,1,0,0,0,1,0,0,0,0,0
2848,1.0,51,Female,master's degree,married,Central,Corporate Employee,0,0,1,0,1,0,0,1,0,0,0,1,0,0,0,0,0,0,0,0
2849,0.0,37,Female,vocational certificate,married,Southern,Entrepreneur,0,1,1,0,1,0,0,0,0,0,1,0,1,0,1,1,1,0,0,0
2855,0.0,47,Female,bachelor's degree,single,Central,Corporate Employee,0,0,1,1,1,0,0,0,1,0,1,1,0,0,1,0,0,0,1,0
2868,0.0,55,Male,master's degree,married,Central,Entrepreneur,0,1,1,1,0,1,0,0,0,0,1,1,1,0,1,1,1,1,1,0
2874,0.0,61,Male,bachelor's degree,single,Eastern,Corporate Employee,0,1,0,0,0,0,0,0,0,0,0,0,0,0,0,1,0,0,0,0
2878,0.0,43,Male,bachelor's degree,married,Central,Corporate Employee,1,0,1,1,0,0,0,0,0,0,1,0,0,1,0,1,0,0,0,0
2880,0.0,42,Female,bachelor's degree,widow,Central,Corporate Employee,1,0,1,1,0,0,1,0,0,0,1,0,1,1,1,1,0,0,0,0
2885,0.0,28,Male,high school,single,Central,Corporate Employee,0,0,0,1,0,0,0,0,0,0,0,0,0,0,0,1,0,0,0,0
2898,0.0,51,Male,bachelor's degree,married,Central,Corporate Employee,1,1,0,0,0,0,0,0,0,0,0,0,0,1,0,1,0,0,0,0
2909,0.0,37,Male,others,married,Northeastern,Unemployed,0,1,1,0,0,0,1,0,0,0,1,0,0,0,0,0,0,0,0,0
2915,0.0,53,Male,high school,single,Central,Corporate Employee,1,1,1,0,1,0,0,0,0,0,0,0,0,0,0,1,0,0,0,0
2919,0.0,72,Male,bachelor's degree,married,Northeastern,Unemployed,1,0,0,0,0,0,0,0,0,0,0,0,0,0,1,0,0,0,0,0
2924,0.0,36,Male,vocational certificate,single,Central,Freelancer,0,0,0,1,0,0,0,0,0,0,0,0,0,0,1,1,0,0,1,0
2931,1.0,50,Female,high school,divorce,Eastern,Entrepreneur,1,1,1,1,1,0,0,0,0,0,0,0,1,0,1,1,1,0,0,0
2932,0.0,30,Male,bachelor's degree,single,Central,Student,0,0,0,0,1,0,0,0,0,0,0,0,0,0,1,0,0,0,0,0
2934,0.0,38,Female,bachelor's degree,single,Western,Corporate Employee,1,0,1,0,0,0,0,0,0,0,1,0,1,1,1,1,0,0,0,0
2935,0.0,26,Female,others,single,Eastern,Student,0,0,1,1,0,0,0,0,0,0,1,0,0,0,1,0,1,0,0,0
2938,0.0,47,Female,master's degree,married,Eastern,Entrepreneur,1,1,0,0,0,0,0,0,0,0,0,0,0,0,1,1,1,0,0,0
2940,0.0,38,Male,bachelor's degree,married,Eastern,Corporate Employee,1,0,1,0,0,1,1,0,0,0,0,0,0,0,1,0,1,0,1,0
2943,2.0,65,Female,less than high school,married,Central,Corporate Employee,1,1,0,0,0,0,0,0,0,0,0,0,0,1,0,1,0,0,0,0
2945,0.0,33,Male,high school,single,Western,Student,0,1,1,1,0,0,0,0,1,0,0,0,1,0,0,1,0,0,1,0
2946,0.0,56,Female,less than high school,single,Northeastern,Freelancer,0,0,0,1,0,0,0,0,0,0,0,0,0,0,1,0,0,0,0,0
2954,0.0,30,Female,bachelor's degree,married,Eastern,Corporate Employee,0,0,1,0,0,0,0,0,0,0,0,0,0,0,0,1,0,0,0,0
2955,0.0,27,Female,others,single,Southern,Corporate Employee,1,0,1,0,0,0,0,0,0,0,0,0,0,1,0,1,0,0,0,0
2957,0.0,30,Female,high school,single,Southern,Entrepreneur,0,1,1,1,0,0,1,0,0,0,0,0,0,0,0,1,0,1,0,0
2962,0.0,47,Female,bachelor's degree,single,Northeastern,Corporate Employee,1,0,0,0,0,0,0,0,0,0,1,0,1,1,0,0,0,0,0,0
2963,0.0,42,Female,bachelor's degree,married,Central,Entrepreneur,0,0,0,0,1,0,0,0,0,0,0,1,0,0,0,0,0,0,0,0
2968,0.0,59,Male,less than high school,married,Southern,Freelancer,0,0,0,1,0,1,0,0,0,0,0,0,0,0,1,0,1,0,0,0
2970,0.0,57,Male,bachelor's degree,married,Central,Entrepreneur,0,1,0,0,0,0,0,0,0,0,0,1,0,1,0,1,0,0,0,0
2977,0.0,56,Male,bachelor's degree,married,Central,Entrepreneur,0,0,0,1,0,0,0,0,0,0,0,0,0,0,1,0,0,0,0,0
2979,1.0,48,Female,high school,married,Central,Entrepreneur,0,0,0,1,0,0,0,0,0,0,0,0,0,0,1,1,0,0,0,0
2983,0.0,53,Male,others,married,Central,Corporate Employee,1,1,1,0,0,0,0,1,0,0,0,0,0,0,0,0,0,1,0,0
2984,0.0,59,Female,vocational certificate,single,Central,Entrepreneur,0,1,1,1,0,0,0,0,0,0,0,0,0,0,1,1,0,0,0,0
2985,0.0,27,Male,high school,single,Central,Student,0,0,0,0,0,0,1,0,0,0,0,0,1,0,0,0,0,0,1,0
2991,0.0,24,Male,others,others,Central,Student,0,1,1,0,0,0,0,0,0,0,1,0,0,0,1,1,0,1,0,0
3007,0.0,53,Male,others,married,Central,Entrepreneur,0,1,0,0,0,0,0,0,0,1,0,0,0,0,0,1,0,0,0,0
3017,2.0,49,Female,others,single,Northeastern,Corporate Employee,1,0,0,0,0,0,0,1,0,0,0,0,0,1,0,1,0,0,0,0
3018,0.0,29,Female,high school,single,Central,Corporate Employee,0,1,1,1,0,1,0,0,1,0,1,0,0,0,0,0,0,0,1,0
3019,0.0,39,Female,vocational certificate,single,Northeastern,Student,0,1,1,0,0,0,0,0,0,0,0,0,0,0,0,1,1,0,0,0
3028,0.0,31,Female,bachelor's degree,single,Southern,Corporate Employee,0,1,1,1,0,1,1,0,0,0,1,0,1,0,1,0,0,0,0,0
3036,0.0,32,Male,high school,single,Southern,Corporate Employee,0,1,1,0,0,0,0,0,0,0,0,0,0,0,0,0,1,0,0,0
3038,0.0,43,Female,bachelor's degree,single,Central,Corporate Employee,1,1,1,1,0,0,1,0,0,0,1,0,0,1,1,1,0,0,1,1
3042,0.0,52,Male,bachelor's degree,single,Central,Corporate Employee,1,0,0,0,0,0,0,0,0,0,1,0,0,0,0,0,0,0,0,0
3053,0.0,25,Female,less than high school,single,Eastern,Student,1,0,0,0,0,0,0,0,0,0,1,0,0,0,1,0,1,0,0,0
3061,1.0,51,Male,less than high school,married,Western,Corporate Employee,0,1,0,1,0,0,0,0,0,0,0,0,0,0,1,1,0,0,0,0
3075,0.0,39,Male,bachelor's degree,single,Northern,Corporate Employee,1,1,0,1,0,1,1,0,0,0,0,0,0,1,1,1,1,1,0,0
3082,0.0,47,Female,others,single,Central,Corporate Employee,0,0,0,1,0,0,0,0,0,0,0,0,0,0,1,0,0,0,0,0
3085,0.0,22,Male,less than high school,single,Central,Student,1,0,0,0,0,0,0,0,0,0,0,0,0,0,0,1,0,0,0,0
3086,0.0,33,Male,high school,single,Central,Entrepreneur,0,1,0,0,0,0,0,0,0,0,0,0,0,0,0,1,0,0,0,0
3090,0.0,47,Male,bachelor's degree,married,Central,Corporate Employee,0,1,0,0,0,0,0,0,0,0,0,0,0,0,0,1,0,0,0,0
3091,0.0,37,Female,others,married,Central,Entrepreneur,0,1,0,0,0,0,0,0,0,0,1,0,0,0,1,1,0,1,0,0
3095,0.0,21,Male,others,single,Central,Student,0,0,1,1,1,0,0,0,0,0,1,0,0,0,1,0,0,0,0,0
3097,0.0,28,Male,others,single,Central,Corporate Employee,0,0,0,0,0,0,1,0,0,0,1,0,0,0,1,0,0,0,0,0
3099,0.0,28,Female,others,single,Southern,Student,1,0,1,0,0,0,0,0,0,0,1,0,1,0,1,1,0,0,0,0
3106,0.0,33,Male,others,single,Central,Corporate Employee,1,0,1,0,1,0,0,0,1,0,1,1,0,0,0,0,1,0,1,0
3116,0.0,28,Female,vocational certificate,single,Eastern,Corporate Employee,0,0,1,1,0,0,0,0,0,0,1,0,0,0,1,0,0,0,0,0
3119,0.0,48,Female,bachelor's degree,married,Central,Corporate Employee,1,0,0,0,0,0,0,0,0,0,1,0,0,1,0,0,0,1,1,0
3127,1.0,45,Female,bachelor's degree,married,Northeastern,Entrepreneur,1,0,1,0,0,0,0,0,0,1,0,0,0,0,1,0,0,0,0,0
3129,0.0,24,Female,high school,single,Central,Student,0,0,1,1,0,0,1,0,0,0,1,0,0,0,1,0,0,0,0,0
3136,0.0,54,Female,others,married,Northern,Professional,0,1,1,1,0,0,0,0,0,0,0,0,0,0,1,1,0,0,0,0
3137,0.0,39,Female,bachelor's degree,divorce,Central,Freelancer,1,0,0,0,0,0,0,0,0,0,0,0,0,0,0,1,0,0,0,0
3142,0.0,35,Female,bachelor's degree,single,Central,Unemployed,1,0,0,0,0,0,0,0,0,0,1,0,0,0,1,0,0,0,1,0
3145,0.0,27,Female,others,single,Central,Corporate Employee,1,1,0,0,0,0,0,0,0,0,0,0,0,0,0,1,0,0,1,0
3148,0.0,49,Male,others,married,Northeastern,Entrepreneur,0,1,0,0,0,0,0,0,0,0,0,0,0,0,0,1,0,0,0,0
3149,0.0,28,Female,bachelor's degree,single,Central,Corporate Employee,1,0,1,1,0,0,0,0,0,0,1,0,0,0,1,0,0,0,0,0
3150,0.0,32,Female,high school,single,Eastern,Corporate Employee,1,1,1,1,0,0,0,0,0,0,1,0,0,0,1,1,0,0,1,0
3151,0.0,34,Female,bachelor's degree,single,Central,Corporate Employee,1,1,1,1,0,0,0,0,1,0,0,0,0,1,0,0,0,0,1,0
3152,0.0,27,Female,bachelor's degree,single,Central,Corporate Employee,1,0,0,0,0,0,0,0,0,0,0,0,0,0,0,0,0,0,1,0
3153,1.0,53,Female,bachelor's degree,single,Central,Corporate Employee,0,0,1,1,0,0,1,0,0,1,1,0,0,0,1,1,1,1,0,1
3165,0.0,43,Female,high school,married,Central,Corporate Employee,0,0,1,0,0,0,0,0,0,0,0,0,0,1,0,1,0,0,0,0
3178,0.0,38,Female,master's degree,married,Central,Corporate Employee,0,0,1,1,0,0,0,0,0,0,1,0,0,0,1,1,0,0,1,0
3186,0.0,37,Male,bachelor's degree,married,Central,Corporate Employee,1,1,1,1,0,1,1,0,0,0,0,0,0,1,0,0,1,0,0,0
3187,1.0,56,Male,bachelor's degree,married,Eastern,Corporate Employee,1,1,0,0,0,0,1,0,0,0,0,0,0,1,1,1,0,0,0,0
3197,0.0,47,Male,master's degree,single,Central,Corporate Employee,1,1,0,0,1,0,0,0,0,0,0,0,1,1,0,0,0,0,0,0
3198,0.0,29,Female,vocational certificate,single,Southern,Corporate Employee,0,1,0,0,1,0,0,0,1,0,0,0,0,0,1,1,0,0,0,0
3222,0.0,24,Female,less than high school,single,Western,Corporate Employee,1,0,1,0,0,0,0,0,0,0,0,0,0,1,0,0,0,0,0,0
3234,0.0,43,Female,vocational certificate,married,Northern,Freelancer,1,1,0,0,0,0,1,0,0,0,0,1,0,0,0,1,0,0,0,0
3235,0.0,40,Female,high school,married,Eastern,Entrepreneur,0,1,1,0,0,0,0,0,0,0,0,0,0,0,0,1,0,0,0,0
3236,0.0,29,Male,others,single,Northern,Professional,1,1,1,0,1,0,0,0,0,0,0,0,0,0,0,1,0,1,0,0
3240,0.0,33,Male,vocational certificate,single,Central,Entrepreneur,0,1,1,1,0,0,1,0,0,0,1,0,1,0,1,1,0,1,1,0
3244,0.0,41,Male,bachelor's degree,married,Central,Corporate Employee,1,1,0,0,0,0,0,0,0,0,0,0,0,1,0,1,0,0,0,0
3250,0.0,44,Female,bachelor's degree,single,Central,Unemployed,0,0,0,0,1,0,0,0,0,0,0,1,0,0,0,0,0,0,0,0
3270,0.0,41,Female,bachelor's degree,single,Central,Corporate Employee,1,1,1,1,0,1,1,0,1,0,1,0,0,0,1,1,1,0,0,0
3275,0.0,55,Female,bachelor's degree,married,Central,Corporate Employee,1,0,0,0,0,0,0,0,0,0,0,0,0,0,0,0,0,1,1,0
3279,0.0,30,Male,bachelor's degree,single,Central,Corporate Employee,1,0,1,0,0,0,0,0,0,0,1,0,0,1,1,0,0,1,1,0
3283,0.0,61,Male,bachelor's degree,married,Central,Entrepreneur,0,1,0,0,1,0,1,0,1,0,1,1,1,0,0,1,0,0,0,0
3285,0.0,29,Male,bachelor's degree,single,Southern,Professional,0,1,0,0,0,0,0,0,0,0,1,0,0,0,0,1,0,0,0,0
3298,0.0,52,Female,high school,single,Central,Entrepreneur,0,1,0,1,0,0,0,0,1,0,0,0,0,0,0,1,0,0,0,0
3300,0.0,35,Female,bachelor's degree,single,Southern,Corporate Employee,0,0,1,1,0,0,0,0,0,0,1,0,0,0,1,0,0,0,0,0
3302,0.0,52,Female,high school,married,Eastern,Corporate Employee,1,0,0,0,0,0,0,0,0,0,0,0,0,0,1,0,0,0,0,0
3315,0.0,64,Female,bachelor's degree,married,Central,Corporate Employee,1,1,0,1,0,0,0,0,0,0,0,0,0,0,1,1,0,0,0,0
3327,0.0,41,Female,bachelor's degree,single,Central,Corporate Employee,1,0,0,0,0,0,0,0,0,0,0,0,0,1,0,0,0,0,0,0
3328,0.0,31,Male,high school,single,Eastern,Corporate Employee,1,0,1,0,0,0,0,0,0,0,1,0,0,0,0,1,0,0,0,0
3330,0.0,42,Male,high school,married,Central,Corporate Employee,1,1,0,0,0,0,0,0,0,0,0,0,0,0,0,1,0,0,0,0
3335,0.0,43,Female,vocational certificate,single,Northern,Corporate Employee,1,1,1,1,0,0,0,0,0,0,1,0,0,0,1,1,1,0,1,1
3341,1.0,70,Female,others,married,Central,Entrepreneur,1,1,0,0,0,1,0,0,0,0,0,0,0,0,1,1,0,0,0,0
3344,0.0,41,Female,vocational certificate,married,Eastern,Corporate Employee,1,1,0,1,1,0,0,0,0,0,0,0,0,1,1,1,0,0,0,0
3353,0.0,31,Male,less than high school,single,Central,Corporate Employee,0,0,1,1,0,0,0,0,0,0,1,0,0,0,1,1,0,1,0,0
3356,0.0,50,Male,bachelor's degree,married,Central,Entrepreneur,1,1,0,1,0,0,1,1,1,0,0,0,1,1,0,1,0,0,1,0
3358,0.0,53,Female,vocational certificate,single,Northeastern,Corporate Employee,0,1,0,0,0,0,0,0,0,0,0,0,0,0,1,0,0,0,0,0
3360,0.0,28,Male,bachelor's degree,single,Central,Corporate Employee,1,1,1,0,0,0,0,0,0,0,0,0,0,0,0,0,0,0,1,0
3361,0.0,55,Male,bachelor's degree,married,Southern,Corporate Employee,0,0,0,1,0,0,0,0,0,0,0,0,1,0,0,1,0,0,0,0
3365,0.0,28,Male,vocational certificate,single,Eastern,Corporate Employee,0,0,0,0,1,0,0,0,0,0,1,0,0,0,0,1,0,0,0,0
3366,0.0,35,Female,master's degree,single,Central,Corporate Employee,1,0,0,0,0,0,0,0,0,0,0,0,0,1,0,0,1,0,1,0
3368,0.0,40,Female,less than high school,married,Northeastern,Entrepreneur,0,0,0,0,0,0,0,1,0,0,0,0,0,0,0,0,0,1,0,0
3373,0.0,35,Male,bachelor's degree,single,Central,Entrepreneur,1,0,0,0,0,0,0,0,0,0,0,0,0,1,0,1,0,1,0,0
3375,0.0,45,Female,bachelor's degree,single,Central,Corporate Employee,1,0,1,0,0,0,1,0,1,1,0,1,1,1,0,1,0,0,1,0
3377,0.0,47,Male,high school,married,Central,Freelancer,0,1,0,1,0,0,0,0,0,0,0,0,0,0,1,0,0,0,0,0
3383,1.0,60,Male,vocational certificate,married,Central,Corporate Employee,0,1,0,0,1,0,0,0,0,0,0,0,1,0,1,0,0,0,0,0
3386,0.0,40,Male,high school,married,Central,Entrepreneur,1,1,0,0,0,0,0,0,0,0,0,0,0,0,0,1,0,0,0,0
3393,0.0,47,Male,bachelor's degree,married,Southern,Entrepreneur,0,1,0,0,0,0,0,0,0,0,0,0,0,0,0,1,0,0,0,0
3397,0.0,29,Female,high school,single,Central,Corporate Employee,0,0,1,0,0,0,0,0,0,0,1,0,0,0,1,0,0,0,0,0
3399,0.0,44,Male,vocational certificate,married,Central,Corporate Employee,1,1,0,0,0,1,0,0,0,0,0,0,0,0,0,0,0,0,0,1
3403,0.0,39,Female,bachelor's degree,married,Central,Corporate Employee,1,1,1,1,0,0,0,1,1,0,1,0,0,1,1,1,0,0,0,0
3414,0.0,64,Male,others,others,Central,Corporate Employee,0,0,1,1,0,0,0,0,0,0,1,0,0,0,1,0,0,0,0,0
3416,0.0,64,Female,master's degree,married,Central,Corporate Employee,0,1,0,0,0,0,0,0,0,0,0,0,0,0,0,1,0,0,0,0
3418,0.0,31,Male,bachelor's degree,single,Southern,Student,0,0,1,0,0,1,0,1,0,0,1,0,0,0,1,1,0,0,0,0
3419,0.0,53,Male,bachelor's degree,married,Central,Corporate Employee,1,0,0,0,1,0,0,0,0,0,1,0,0,1,1,0,0,0,0,0
3421,1.0,47,Male,bachelor's degree,married,Central,Corporate Employee,1,1,1,1,0,0,0,1,1,0,0,0,1,0,0,1,0,0,0,0
3426,0.0,43,Female,bachelor's degree,single,Eastern,Corporate Employee,0,0,1,0,0,0,0,0,0,0,0,0,0,0,1,0,0,0,0,0
3432,0.0,44,Female,bachelor's degree,single,Northern,Corporate Employee,1,0,1,1,1,0,0,0,0,0,1,1,0,0,0,0,0,0,0,0
3436,0.0,42,Male,less than high school,married,Eastern,Corporate Employee,1,1,0,0,1,0,0,0,0,0,0,1,0,0,0,1,0,0,0,0
3437,0.0,31,Male,high school,single,Eastern,Corporate Employee,1,0,1,1,0,0,0,0,0,0,1,0,0,0,1,1,0,0,0,0
3452,0.0,37,Female,bachelor's degree,married,Central,Corporate Employee,1,1,1,1,0,0,0,0,0,0,1,0,0,1,1,1,0,1,1,0
3456,0.0,34,Female,bachelor's degree,single,Central,Student,1,1,1,0,0,0,0,0,0,0,1,0,0,0,1,0,0,1,1,0
3457,0.0,27,Female,others,others,Central,Corporate Employee,0,1,0,0,0,0,0,0,0,0,0,0,1,0,1,0,0,0,0,0
3459,0.0,32,Female,others,single,Northeastern,Corporate Employee,1,0,1,1,0,0,0,0,0,0,1,0,0,0,1,0,0,0,0,0
3465,0.0,36,Female,vocational certificate,married,Central,Freelancer,1,1,0,0,0,0,0,0,0,0,0,0,0,0,0,1,0,0,0,0
3467,0.0,29,Female,bachelor's degree,single,Western,Entrepreneur,0,0,1,0,0,0,0,0,0,0,1,0,0,0,0,0,0,0,1,0
3478,0.0,49,Female,bachelor's degree,married,Eastern,Corporate Employee,1,1,1,0,0,0,0,0,0,0,0,0,0,0,1,1,0,0,0,0
3487,0.0,54,Female,less than high school,married,Central,Freelancer,0,0,0,1,0,0,0,0,0,0,0,0,0,0,1,0,0,0,0,0
3495,0.0,65,Female,high school,married,Southern,Homemaker,0,1,0,0,0,0,0,0,0,0,0,0,0,0,0,0,1,0,0,0
3505,1.0,48,Female,less than high school,separate,Southern,Corporate Employee,1,0,1,0,0,0,0,0,0,0,0,0,0,1,0,1,0,0,0,0
3513,0.0,49,Female,bachelor's degree,single,Central,Professional,1,1,1,1,1,0,0,0,0,0,1,0,0,1,0,1,0,0,1,0
3514,0.0,32,Male,less than high school,married,Northeastern,Corporate Employee,1,1,1,1,1,0,0,0,0,0,1,1,1,1,1,0,1,1,0,0
3519,0.0,27,Female,high school,single,Central,Student,0,0,1,1,0,0,0,0,0,0,1,0,0,1,1,0,0,0,1,0
3523,0.0,44,Male,bachelor's degree,single,Central,Corporate Employee,1,0,1,1,0,0,0,0,1,0,1,0,0,1,0,0,0,0,1,0
3526,1.0,53,Female,others,married,Central,Entrepreneur,0,1,0,1,0,0,0,0,0,0,0,0,0,0,1,1,0,0,0,0
3537,0.0,30,Male,bachelor's degree,single,Central,Entrepreneur,0,0,1,1,0,0,0,0,0,0,1,0,0,0,1,1,0,0,0,0
3539,0.0,55,Male,high school,married,Southern,Entrepreneur,0,1,0,1,0,0,0,0,0,0,0,0,0,0,1,0,0,0,0,0
3540,0.0,31,Female,bachelor's degree,single,Eastern,Student,0,0,1,1,0,0,0,0,1,0,0,0,0,0,1,1,0,0,1,0
3546,0.0,59,Male,bachelor's degree,married,Central,Corporate Employee,1,1,0,0,0,0,0,0,0,0,1,0,0,1,0,1,0,1,0,0
3566,0.0,39,Female,others,single,Northern,Corporate Employee,0,1,0,0,0,0,0,0,0,0,0,0,0,0,0,1,0,0,0,0
3567,0.0,50,Female,bachelor's degree,single,Eastern,Corporate Employee,1,1,1,1,0,0,0,0,0,0,1,0,0,1,1,1,0,0,0,0
3582,0.0,45,Female,vocational certificate,married,Eastern,Corporate Employee,0,1,0,0,0,0,0,0,0,0,1,0,0,0,0,1,0,1,0,0
3586,0.0,44,Male,bachelor's degree,married,Northeastern,Corporate Employee,1,0,1,0,0,0,0,0,0,0,1,0,0,1,0,0,0,0,0,0
3592,0.0,46,Female,high school,separate,Central,Corporate Employee,0,0,0,0,0,0,0,0,0,1,0,0,0,0,0,1,0,0,0,0
3596,0.0,48,Male,others,married,Northeastern,Entrepreneur,0,0,0,0,0,0,0,0,0,1,0,0,0,1,0,0,0,0,0,0
3597,1.0,32,Female,high school,married,Northeastern,Entrepreneur,1,0,0,0,0,0,0,0,0,0,0,0,0,1,0,0,0,0,0,0
3607,0.0,26,Male,less than high school,single,Northern,Student,0,0,1,0,0,0,0,0,1,0,1,0,1,0,1,0,0,0,1,0
3616,0.0,37,Female,bachelor's degree,single,Central,Corporate Employee,1,1,1,0,0,0,1,1,1,0,1,1,0,1,1,0,0,1,1,0
3622,0.0,39,Female,high school,single,Central,Corporate Employee,0,0,1,1,0,1,0,1,0,0,0,0,0,0,1,1,0,0,0,0
3623,0.0,46,Female,bachelor's degree,married,Central,Unemployed,0,1,0,1,0,1,0,0,1,0,0,0,0,0,1,1,0,0,1,1
3627,0.0,33,Female,others,single,Eastern,Student,1,0,1,1,0,1,1,0,0,0,0,0,0,1,0,0,0,0,0,0
3636,0.0,45,Male,bachelor's degree,married,Central,Entrepreneur,1,0,0,0,0,0,0,0,0,0,0,0,0,1,0,0,0,0,0,0
3640,0.0,29,Male,vocational certificate,single,Central,Corporate Employee,1,1,1,1,0,0,0,0,0,0,1,0,0,0,1,0,0,0,0,0
3650,0.0,45,Male,others,married,Central,Entrepreneur,0,0,0,0,1,0,0,0,0,0,0,1,0,0,0,0,0,0,0,0
3660,0.0,28,Female,less than high school,single,Central,Corporate Employee,0,0,1,0,0,0,0,0,0,0,0,0,0,0,0,0,0,1,0,0
3663,0.0,51,Female,others,others,Central,Professional,0,1,1,1,0,1,0,1,1,0,0,0,0,0,0,1,0,0,0,0
3665,0.0,37,Male,bachelor's degree,married,Central,Corporate Employee,1,1,0,0,1,0,0,0,1,0,0,0,0,1,0,1,0,0,0,0
3669,0.0,48,Male,bachelor's degree,married,Central,Entrepreneur,1,0,1,1,1,0,0,0,0,0,0,1,1,0,1,0,0,0,0,0
3675,0.0,34,Male,high school,single,Central,Freelancer,0,1,0,0,0,0,0,0,0,0,0,0,0,1,1,1,0,0,0,0
3681,2.0,58,Female,bachelor's degree,widow,Northeastern,Professional,0,0,0,1,0,1,0,0,0,1,0,0,0,0,0,1,0,0,0,0
3683,0.0,50,Female,bachelor's degree,single,Northeastern,Corporate Employee,1,0,0,0,0,0,0,0,0,0,1,0,0,0,0,0,0,0,0,0
3684,0.0,38,Female,master's degree,single,Central,Corporate Employee,1,0,0,0,0,0,0,0,0,0,0,0,0,0,0,0,0,0,1,0
3694,0.0,47,Male,master's degree,single,Central,Corporate Employee,0,0,0,0,1,0,0,0,0,0,0,1,0,0,0,0,0,0,0,0
3698,0.0,32,Female,bachelor's degree,single,Central,Corporate Employee,1,1,1,0,1,0,0,0,1,0,1,0,0,0,0,1,0,0,1,0
3700,0.0,46,Male,bachelor's degree,single,Central,Corporate Employee,0,0,1,1,0,0,0,0,0,0,1,0,0,0,0,0,0,1,0,0
3706,0.0,48,Male,bachelor's degree,married,Central,Entrepreneur,1,1,0,0,0,0,0,0,1,0,1,0,1,1,1,1,0,0,1,0
3709,1.0,42,Male,vocational certificate,married,Northeastern,Corporate Employee,0,1,0,1,0,0,0,0,0,0,0,0,0,0,1,0,0,0,0,0
3719,0.0,24,Male,others,single,Northeastern,Professional,1,0,0,0,0,0,0,0,0,0,0,0,0,1,0,0,0,0,0,0
3725,1.0,57,Female,less than high school,widow,Central,Entrepreneur,0,1,0,0,0,0,0,0,0,0,0,1,0,0,0,1,0,0,0,0
3727,0.0,43,Male,others,married,Western,Corporate Employee,0,0,0,1,0,0,0,0,0,0,0,0,0,0,1,0,0,0,0,0
3731,0.0,45,Female,bachelor's degree,single,Central,Corporate Employee,0,1,0,1,0,0,0,0,0,0,0,0,0,0,1,1,0,0,0,0
3733,0.0,44,Female,bachelor's degree,married,Southern,Corporate Employee,1,0,0,0,0,1,0,0,0,1,1,1,0,1,0,1,0,0,0,0
3740,0.0,41,Female,bachelor's degree,single,Central,Corporate Employee,0,0,1,0,0,0,0,0,0,0,0,0,0,0,0,1,0,0,0,0
3742,0.0,24,Female,others,single,Southern,Student,0,0,0,0,0,0,1,0,0,0,1,0,0,0,1,0,0,0,0,0
3749,0.0,58,Male,vocational certificate,married,Central,Entrepreneur,0,0,1,1,0,0,0,0,0,0,0,0,0,0,1,0,0,0,0,0
3750,0.0,35,Male,high school,single,Central,Corporate Employee,0,0,1,1,0,0,0,0,0,0,0,0,0,1,0,0,0,0,0,0
3754,1.0,35,Female,others,others,Northeastern,Corporate Employee,0,1,0,0,0,0,1,0,0,0,1,0,1,0,1,0,0,0,0,0
3761,0.0,52,Female,bachelor's degree,single,Central,Entrepreneur,1,1,1,1,0,0,0,0,0,0,0,0,0,1,0,1,0,0,0,0
3770,0.0,32,Male,high school,single,Central,Corporate Employee,1,0,1,0,0,0,0,0,0,0,0,0,0,0,1,1,0,0,0,0
3775,0.0,55,Female,bachelor's degree,single,Central,Corporate Employee,1,1,0,0,0,0,0,0,0,0,0,0,0,0,1,1,0,0,0,0
3780,0.0,45,Male,bachelor's degree,married,Northern,Entrepreneur,0,1,1,1,0,0,1,0,0,0,1,0,0,0,0,0,0,0,0,0
3783,0.0,32,Female,bachelor's degree,single,Central,Corporate Employee,1,0,1,1,0,0,0,0,0,0,1,0,0,1,1,1,0,0,1,0
3789,0.0,33,Male,others,single,Central,Entrepreneur,0,1,0,0,0,0,1,1,0,0,0,0,0,0,0,1,0,0,0,0
3792,0.0,46,Female,bachelor's degree,single,Central,Corporate Employee,0,1,0,0,0,0,0,0,0,0,0,0,0,1,1,1,0,0,0,0
3804,0.0,49,Female,master's degree,married,Central,Corporate Employee,1,0,0,0,0,0,0,0,0,0,1,0,0,0,1,0,0,0,0,0
3812,0.0,22,Female,high school,single,Central,Student,1,0,1,1,0,0,0,1,1,0,1,0,1,0,1,0,0,0,1,0
3815,0.0,23,Male,high school,single,Northern,Student,0,1,1,1,0,0,1,1,1,0,1,0,1,0,1,1,0,0,1,0
3817,0.0,36,Female,bachelor's degree,divorce,Eastern,Corporate Employee,0,1,0,0,0,0,0,0,0,0,1,0,0,0,1,1,0,0,0,0
3821,0.0,43,Female,bachelor's degree,married,Northeastern,Entrepreneur,0,1,0,0,0,0,0,0,0,0,0,0,0,1,0,1,0,0,0,0
3823,0.0,55,Female,vocational certificate,others,Central,Corporate Employee,1,0,1,0,0,0,0,0,0,0,0,0,0,1,0,1,0,0,0,0
3825,0.0,31,Male,vocational certificate,single,Central,Student,1,1,1,1,0,1,0,0,0,0,1,0,0,1,1,0,0,0,0,0
3832,0.0,22,Male,others,single,Central,Corporate Employee,0,0,1,0,0,0,0,0,0,0,1,0,0,0,0,0,0,0,0,0
3833,0.0,38,Female,bachelor's degree,single,Central,Corporate Employee,0,0,1,0,1,0,0,0,0,0,0,0,0,0,0,1,0,0,0,0
3839,0.0,47,Female,bachelor's degree,single,Central,Corporate Employee,1,1,1,1,0,0,0,0,0,0,0,0,0,1,0,0,0,0,0,0
3840,0.0,35,Female,bachelor's degree,single,Western,Corporate Employee,1,1,0,0,1,0,0,0,0,0,0,0,0,0,0,1,0,0,0,0
3841,0.0,38,Female,bachelor's degree,married,Central,Entrepreneur,0,0,0,0,0,1,1,0,0,0,1,0,1,0,1,0,0,0,1,0
3844,0.0,55,Female,others,others,Central,Corporate Employee,0,0,0,1,1,0,0,0,0,0,0,0,0,0,1,0,0,0,0,0
3857,0.0,38,Female,bachelor's degree,married,Central,Corporate Employee,0,1,1,1,0,0,1,0,0,0,0,0,1,1,0,1,0,0,1,0
3860,0.0,35,Female,vocational certificate,married,Central,Entrepreneur,0,0,1,0,0,0,0,0,0,0,0,0,0,0,0,1,0,0,0,0
3865,0.0,26,Male,bachelor's degree,single,Central,Corporate Employee,1,0,0,0,0,0,0,0,0,0,1,0,0,0,1,0,0,0,0,0
3880,0.0,32,Male,vocational certificate,single,Central,Corporate Employee,1,1,1,0,0,0,0,0,0,0,1,0,0,0,0,1,0,0,0,0
3888,0.0,28,Male,bachelor's degree,single,Central,Corporate Employee,1,0,1,0,0,0,0,0,0,0,1,0,1,1,0,0,1,0,0,0
3897,0.0,44,Male,bachelor's degree,single,Central,Corporate Employee,1,0,0,0,0,0,0,0,0,0,0,0,0,0,0,0,0,0,1,0
3898,0.0,43,Male,bachelor's degree,single,Southern,Corporate Employee,0,1,1,1,0,0,0,0,0,0,1,0,0,0,1,1,0,0,0,0
3910,0.0,46,Female,bachelor's degree,single,Southern,Corporate Employee,1,0,1,0,0,0,1,0,1,0,0,0,0,0,0,0,1,0,0,0
3911,0.0,35,Female,others,married,Central,Entrepreneur,0,1,1,1,1,1,1,0,1,0,0,1,1,0,0,1,1,0,1,0
3924,0.0,49,Male,high school,married,Central,Entrepreneur,1,1,0,0,0,0,0,0,0,0,0,0,0,0,0,1,0,1,0,0
3936,0.0,41,Male,bachelor's degree,single,Eastern,Entrepreneur,1,1,1,1,0,0,0,0,0,1,1,0,0,0,1,1,0,0,0,1
3937,0.0,53,Female,less than high school,married,Eastern,Freelancer,0,0,0,1,0,0,0,0,0,0,0,0,0,0,1,0,0,0,0,0
3943,0.0,30,Male,vocational certificate,single,Central,Corporate Employee,1,0,0,0,0,1,0,0,0,0,0,0,1,0,1,1,0,0,0,0
3946,0.0,28,Female,others,single,Central,Corporate Employee,0,0,1,0,0,0,0,0,0,0,0,0,0,0,0,1,0,0,0,0
3952,0.0,37,Female,bachelor's degree,married,Central,Corporate Employee,0,1,0,0,0,0,0,0,0,0,1,0,0,0,1,1,1,0,0,0
3962,0.0,24,Female,high school,single,Central,Student,1,0,0,1,0,0,0,0,0,0,1,0,0,0,1,1,0,0,0,0
3968,0.0,52,Female,less than high school,married,Central,Corporate Employee,0,1,0,0,1,0,0,0,0,1,0,1,0,0,0,1,0,0,0,0
3979,0.0,29,Male,others,others,Central,Student,0,0,0,1,0,0,0,1,0,0,0,0,0,0,0,0,1,1,0,0
3981,0.0,56,Female,bachelor's degree,single,Central,Corporate Employee,1,0,0,0,0,0,0,0,0,0,0,0,0,0,1,0,0,0,0,0
3990,0.0,29,Female,bachelor's degree,single,Northeastern,Corporate Employee,0,1,1,1,0,1,0,0,0,0,1,0,0,0,1,1,0,0,0,0
3995,1.0,57,Female,less than high school,married,Central,Corporate Employee,0,1,0,0,0,0,0,0,0,0,0,0,0,0,0,1,0,0,0,0
4009,0.0,40,Male,vocational certificate,single,Southern,Entrepreneur,0,0,0,0,0,0,1,0,0,0,0,0,0,0,0,1,0,0,0,0
4021,0.0,27,Male,vocational certificate,single,Northeastern,Corporate Employee,0,0,1,0,0,0,0,0,0,0,0,0,0,0,1,0,0,0,0,0
4029,0.0,22,Female,others,others,Southern,Student,0,0,1,1,0,0,1,0,0,0,1,0,1,0,1,0,0,0,0,0
4038,2.0,47,Female,high school,married,Southern,Corporate Employee,1,1,0,0,0,0,0,0,0,0,0,1,0,0,0,1,0,0,0,0
4046,0.0,35,Female,bachelor's degree,married,Central,Corporate Employee,0,0,1,1,0,0,1,0,0,0,1,0,0,1,0,1,0,0,0,0
4047,0.0,56,Male,others,married,Southern,Corporate Employee,1,1,1,1,0,1,0,0,0,0,1,0,0,0,1,0,0,0,0,0
4056,0.0,42,Female,high school,married,Northeastern,Entrepreneur,0,1,1,1,0,0,0,0,0,0,0,0,0,0,1,0,0,0,0,0
4058,0.0,55,Male,bachelor's degree,single,Central,Entrepreneur,0,0,1,0,0,0,0,0,0,0,0,0,0,0,1,0,0,0,0,0
4060,0.0,52,Female,vocational certificate,single,Central,Corporate Employee,1,1,0,0,0,0,1,0,0,0,0,0,0,0,1,1,0,0,0,0
4061,0.0,58,Female,high school,married,Central,Entrepreneur,1,1,0,0,0,0,1,0,0,0,0,1,1,1,0,1,0,0,0,0
4065,2.0,57,Male,high school,married,Central,Entrepreneur,0,0,0,1,0,0,0,0,0,0,0,0,0,0,1,0,0,0,0,0
4076,0.0,32,Female,high school,single,Central,Corporate Employee,1,1,1,1,0,1,0,0,0,0,0,0,0,0,0,1,0,0,0,0
4081,0.0,38,Female,vocational certificate,married,Northeastern,Entrepreneur,1,1,1,0,0,0,1,0,0,0,0,0,1,1,0,0,0,0,0,0
4088,0.0,27,Female,bachelor's degree,single,Northeastern,Corporate Employee,1,0,1,1,0,0,0,0,0,0,1,0,0,0,1,1,0,0,0,0
4089,0.0,32,Female,high school,single,Southern,Student,0,0,1,1,0,0,0,0,0,0,1,0,0,0,1,0,0,0,0,0
4112,0.0,25,Male,bachelor's degree,single,Central,Corporate Employee,0,0,1,1,0,0,1,0,0,0,1,0,0,0,1,0,0,0,0,0
4118,0.0,23,Female,others,single,Central,Student,0,0,1,0,0,0,0,0,0,0,1,0,0,0,1,0,0,0,1,0
4122,0.0,30,Male,others,single,Central,Corporate Employee,0,1,0,0,0,0,0,0,0,0,0,0,0,0,0,1,0,0,1,0
4132,0.0,59,Male,others,married,Central,Corporate Employee,1,0,0,0,0,0,0,0,0,0,0,0,0,1,0,0,0,0,0,0
4133,0.0,24,Female,high school,single,Southern,Unemployed,1,0,0,0,0,0,0,0,1,0,0,0,0,0,0,1,0,0,0,0
4146,0.0,58,Male,bachelor's degree,single,Central,Entrepreneur,0,0,1,1,0,0,0,0,0,0,0,0,0,0,1,1,0,0,0,0
4153,0.0,54,Male,less than high school,married,Southern,Entrepreneur,0,1,0,1,1,0,0,0,0,0,0,1,0,0,0,1,0,0,0,0
4155,0.0,52,Female,bachelor's degree,others,Central,Corporate Employee,1,0,0,0,1,0,0,0,0,0,0,1,1,0,0,0,0,0,0,0
4159,0.0,36,Female,high school,single,Northeastern,Corporate Employee,0,1,1,0,0,0,0,0,0,0,1,0,0,0,0,1,0,0,0,0
4165,0.0,28,Female,high school,single,Central,Corporate Employee,1,1,0,0,0,0,0,1,0,0,0,0,0,0,0,1,0,0,0,0
4166,0.0,44,Female,others,married,Northeastern,Entrepreneur,1,1,0,0,0,0,0,0,0,0,0,0,0,1,0,1,0,0,0,0
4168,0.0,43,Male,others,married,Central,Corporate Employee,0,0,0,0,1,0,0,0,0,0,0,1,0,0,0,0,0,0,0,0
4180,1.0,42,Male,master's degree,married,Central,Corporate Employee,1,1,1,0,0,0,0,0,0,0,1,0,0,0,0,1,0,0,0,0
4182,0.0,27,Female,others,single,Central,Student,0,0,1,0,0,0,0,0,0,0,1,0,0,0,0,0,0,0,0,0
4184,0.0,45,Female,vocational certificate,married,Northeastern,Unemployed,0,0,1,0,0,0,0,0,0,0,1,1,0,0,0,1,0,1,0,0
4185,1.0,43,Female,bachelor's degree,others,Central,Corporate Employee,1,0,0,0,0,0,0,0,0,0,0,0,0,1,0,1,0,0,0,0
4188,0.0,46,Female,others,single,Northern,Corporate Employee,0,0,0,0,1,0,0,0,0,0,0,1,0,0,0,0,0,0,0,0
4195,0.0,32,Male,bachelor's degree,single,Central,Corporate Employee,1,1,1,0,0,1,0,1,0,0,1,0,1,1,0,1,1,1,1,0
4196,0.0,41,Female,bachelor's degree,single,Central,Freelancer,1,0,1,1,0,0,0,0,0,0,1,0,0,1,1,0,0,0,0,0
4197,0.0,50,Male,high school,married,Western,Corporate Employee,0,1,0,0,1,0,0,0,0,0,0,1,0,0,0,1,0,0,0,0
4218,0.0,27,Female,others,others,Central,Student,0,0,1,0,1,0,1,0,1,0,1,0,0,0,0,0,0,0,0,0
4221,0.0,32,Female,bachelor's degree,married,Northern,Corporate Employee,1,0,1,1,0,0,0,0,0,0,1,0,0,0,1,0,0,0,0,0
4252,0.0,27,Male,high school,single,Southern,Other,0,0,1,1,1,0,0,0,0,0,1,0,0,0,1,1,0,0,0,0
4255,0.0,53,Female,less than high school,married,Central,Entrepreneur,0,1,1,1,0,0,0,0,0,0,0,0,0,0,1,0,0,0,0,0
4269,0.0,35,Female,bachelor's degree,single,Northern,Freelancer,0,1,1,0,0,0,0,0,0,0,0,0,0,0,1,1,0,0,0,0
4272,0.0,48,Male,others,single,Central,Corporate Employee,0,0,0,1,0,0,0,0,0,0,0,0,0,0,1,1,0,0,0,0
4275,0.0,33,Female,vocational certificate,others,Eastern,Freelancer,1,0,1,1,0,0,0,0,0,0,1,0,0,0,1,1,0,1,0,0
4281,0.0,23,Female,others,single,Southern,Student,0,0,1,1,1,0,0,0,0,0,1,0,0,0,1,1,0,0,0,0
4282,0.0,24,Male,vocational certificate,single,Central,Corporate Employee,0,1,1,1,0,0,1,0,1,0,1,0,0,0,1,0,0,0,0,0
4284,0.0,49,Male,high school,divorce,Northeastern,Corporate Employee,0,0,0,0,0,0,1,0,0,0,0,0,0,0,0,1,0,0,0,0
4292,0.0,44,Female,high school,married,Central,Entrepreneur,0,1,1,0,0,0,0,0,0,0,0,0,0,0,0,1,0,0,0,0
4296,0.0,30,Male,bachelor's degree,single,Central,Entrepreneur,1,1,0,1,0,1,0,0,0,1,1,0,0,0,1,0,0,0,0,0
4297,0.0,49,Female,high school,single,Central,Entrepreneur,0,1,1,1,1,0,0,0,1,0,1,1,0,0,0,1,1,0,1,0
4308,1.0,56,Male,bachelor's degree,single,Southern,Entrepreneur,1,1,1,0,0,0,0,0,0,0,0,0,1,0,0,1,0,0,0,0
4310,0.0,27,Female,bachelor's degree,married,Northeastern,Corporate Employee,1,1,0,0,0,0,0,0,0,0,1,0,1,1,1,1,0,0,0,0
4320,0.0,28,Male,bachelor's degree,single,Central,Corporate Employee,0,0,1,1,0,1,0,1,0,0,1,0,0,0,1,0,0,0,0,0
4323,0.0,26,Female,high school,single,Central,Freelancer,0,0,1,1,1,0,0,0,0,0,1,0,1,0,1,0,0,0,0,0
4324,0.0,75,Female,master's degree,married,Central,Entrepreneur,1,0,0,0,1,0,0,0,0,0,0,0,0,0,1,0,0,0,0,0
4326,0.0,72,Female,bachelor's degree,married,Central,Other,0,1,0,0,1,0,0,0,0,0,0,1,0,0,0,1,0,0,0,0
4329,0.0,40,Female,bachelor's degree,single,Central,Corporate Employee,0,1,1,1,0,0,0,1,1,0,1,0,0,0,1,1,0,1,0,0
4336,0.0,49,Female,bachelor's degree,married,Central,Corporate Employee,1,1,1,1,0,0,0,0,0,0,0,0,1,0,0,1,1,0,0,1
4338,0.0,28,Male,bachelor's degree,married,Central,Corporate Employee,1,0,1,1,0,0,1,0,0,1,1,1,0,0,1,1,0,1,1,0
