Number of Children,Number of Vehicles,Gender,Education level,Marital status,Savings Account,Savings Account Subgroup,Health Insurance,Lending,Payment,Service,Business Lending,Deposit Account,Deposit Account Balance,Deposit Account Transactions,Deposit Account Transactions AVG,Deposit Account Transactions MIN,Deposit Account Transactions MAX,Deposit Account Inflow,Deposit Account Inflow MIN,Deposit Account Inflow MAX,Deposit Account Outflow,Deposit Account Outflow MIN,Deposit Account Outflow MAX,Deposit Account Inflow Amount,Deposit Account Outflow Amount,Age,Region,Occupation Group,CUST_ID,cluster,PRED_education,PRED_marital_status,PRED_occupation,PRED_num_children,PRED_region,CONFIDENCE_education,CONFIDENCE_marital_status,CONFIDENCE_occupation,CONFIDENCE_num_children,CONFIDENCE_region,REASONING_education,REASONING_marital_status,REASONING_occupation,REASONING_num_children,REASONING_region
0.0,,Male,bachelor's degree,single,2.0,2.0,2.0,0.0,2.0,1.0,0.0,2.0,182167.35,4.0,2.0,1.0,3.0,1.0,1.0,1.0,3.0,1.0,2.0,5000.0,10000.0,45.0,Central,Entrepreneur,2995,6,master's degree,married,Corporate Employee,1,Central,0.85,0.75,0.8,0.65,0.9,"Given the customer's financial stability and entrepreneurial background, it is likely they may pursue advanced education such as a master's degree to enhance their professional opportunities. This aligns with Cluster 6's financially sophisticated profile and focus on personal financial growth.","At age 45, the likelihood of marriage increases, especially for financially stable individuals. The customer’s savings and health insurance usage may indicate preparation for family formation, which is common in this cluster.","The customer's financial patterns suggest a shift toward more stable and lucrative opportunities, potentially transitioning from entrepreneurship to a corporate role. This aligns with Cluster 6's characteristics of middle-aged professionals in corporate roles.","The customer's financial stability and potential marriage suggest a possibility of starting a family, with one child being a realistic expectation within the given timeframe.","The customer’s financial behavior does not indicate geographic mobility, and Cluster 6 typically resides in central regions. Therefore, it is likely they will remain in the Central region."
0.0,1.0,Female,high school,single,4.0,4.0,4.0,0.0,2.0,1.0,0.0,2.0,1065.04,6.0,1.2,1.0,2.0,2.0,1.0,1.0,4.0,1.0,1.0,1300.0,1066.26,40.0,Central,Unemployed,1628,7,high school,single,Unemployed,0,Central,0.9,0.95,0.85,0.95,0.9,"The customer is 40 years old and unemployed, with limited financial capability for pursuing higher education. Cluster 7 typically does not exhibit frequent educational progression beyond high school.","The customer's financial patterns do not suggest significant changes linked to household formation or dissolution. Based on age and cluster data, remaining single is most likely.","The customer is currently unemployed, and there are no financial indicators (e.g., increased transaction amounts or inflows) suggesting imminent career advancement or new employment.","The customer has no children, and there are no financial patterns (e.g., increased outflows for family-related expenses) suggesting family formation. Cluster 7's typical profile aligns with remaining child-free.","The customer resides in the Central region, and there are no transaction patterns indicating geographic mobility. Cluster 7’s demographic tends to remain in their current region."
0.0,0.0,Male,less than high school,single,3.0,3.0,1.0,0.0,2.0,0.0,0.0,1.0,13.55,2.0,1.0,1.0,1.0,1.0,1.0,1.0,1.0,1.0,1.0,2000.0,2000.0,54.0,Central,Entrepreneur,904,1,less than high school,single,Entrepreneur,0,Central,0.9,0.95,0.9,0.95,0.9,"The customer's current age (54 years) and financial behavior suggest they are unlikely to pursue further education, particularly given their entrepreneurial occupation and lack of financial investment in skill development.","At 54 years old, the customer has remained single and exhibits no financial behavior indicative of family formation, such as joint accounts or increased spending on household-related items.","The customer is currently an entrepreneur, and their financial patterns (low transaction volume and moderate inflows/outflows) suggest stability in this occupation rather than a career shift.",There are no indications of family-related expenses or financial adjustments that suggest the customer is planning to have children; their age also makes it less likely.,"The customer has remained in the Central region, and there are no financial patterns indicative of geographic mobility, such as increased spending on relocation or travel."
1.0,0.0,Female,less than high school,married,0.0,0.0,0.0,0.0,0.0,0.0,0.0,0.0,,,,,,,,,,,,,,43.0,Northeastern,Freelancer,599,4,high school,married,Freelancer,1,Northeastern,0.8,0.95,0.9,0.98,0.85,The customer currently has less than high school education and belongs to a cluster where modest educational progression is common. It is likely that they will attain a high school education level over time given typical life stage progression.,"The customer is already married, and there are no financial indications suggesting a change in marital status, such as separation or divorce. This prediction aligns with the cluster's behavioral norms.","The customer is currently a freelancer, which is consistent with Cluster 4's occupational profile. Given the absence of financial changes indicating career transitions or job changes, it is likely they will remain in this occupation group.","The customer has one child. There is no financial behavior suggesting expenses related to family expansion, such as increased spending on childcare or education. Therefore, it is likely they will still have one child.","The customer resides in the Northeastern region, and there are no financial patterns suggesting relocation, such as increased inflow/outflow transactions or adoption of products indicating travel or mobility. This prediction aligns with their current status and cluster norms."
0.0,0.0,Male,others,married - registered,3.0,3.0,2.0,0.0,2.0,1.0,0.0,1.0,7339.08,77.0,3.5,1.0,7.0,6.0,1.0,2.0,71.0,1.0,7.0,204954.54,218119.0,35.0,Northeastern,Corporate Employee,4050,6,bachelor's degree,married - registered,Corporate Employee,1,Central,0.85,0.95,0.9,0.75,0.7,"Currently, the customer has an 'others' educational level, but based on the financial stability and professional occupation characteristic of Cluster 6, it’s plausible that they may pursue formal education to align with the cluster's typical profile, which often includes a bachelor's degree.","The customer is already 'married - registered,' and this aligns with the cluster's demographic profile. No signs of relationship dissolution or changes are evident in their financial patterns.","The customer’s financial inflows and outflows suggest steady employment in a corporate role. This is consistent with the cluster's professional characteristics, making it unlikely they will switch to another occupation.","Given their age (35), marital status, and financial stability, it is likely they may begin family planning within the timeframe, leading to the addition of one child.","Cluster 6 customers often reside in central regions, and the customer’s financial profile suggests stability and potential mobility. Relocation to the Central region, a characteristic area for Cluster 6, may occur based on career advancement or lifestyle preferences."
0.0,0.0,Female,high school,married,4.0,4.0,1.0,0.0,4.0,2.0,0.0,1.0,1805.86,63.0,3.15,1.0,7.0,25.0,1.0,3.0,38.0,1.0,5.0,58330.0,59992.0,32.0,Western,Corporate Employee,1392,7,vocational certificate/diploma,married - registered,Corporate Employee,1,Western,0.8,0.9,0.95,0.7,0.9,"The customer may pursue vocational training to enhance her career prospects, aligning with the cluster's focus on straightforward financial solutions and moderate career progression.","The customer is already married, and given her age and financial stability, formalizing the marriage through registration is a likely next step.","The customer's financial behavior indicates stability and moderate growth, consistent with remaining in a corporate role within this cluster.","Given her age, marital status, and financial patterns, it is plausible that the customer may begin family planning, resulting in her having one child within the timeframe.","The financial and transaction data do not suggest geographic mobility, so the customer is likely to remain in the Western region."
0.0,0.0,Male,less than high school,divorce,3.0,3.0,1.0,0.0,3.0,0.0,0.0,1.0,3.18,0.0,0.0,0.0,0.0,0.0,0.0,0.0,0.0,0.0,0.0,0.0,0.0,41.0,Central,Freelancer,2098,4,vocational certificate/ diploma,single,Freelancer,0,Central,0.8,0.9,0.95,0.99,0.95,"Given the customer's current educational level of less than high school and the modest financial engagement, it is likely they might pursue vocational training or a diploma to enhance career opportunities as a freelancer. This aligns with the cluster's tendency for straightforward financial products and limited financial complexity.","At age 41 and with no significant financial transactions indicating household formation or relationship activities, it is probable that the customer remains single. This aligns with the cluster's profile of predominantly single individuals.","The financial behavior, including the lack of substantial changes in cash flow patterns or product adoption for business lending, suggests the customer will continue working as a freelancer, which is consistent with the cluster's occupational characteristics.","There are no financial indicators, such as increased expenses or product adoption, that suggest family planning or child-related spending. This aligns with the cluster's tendency for smaller household sizes.","The lack of financial activity or cash flow patterns indicating relocation expenses suggests the customer is likely to remain in the Central region, which is characteristic of the cluster."
0.0,,Male,,married,3.0,3.0,1.0,0.0,2.0,1.0,0.0,1.0,0.93,0.0,0.0,0.0,0.0,0.0,0.0,0.0,0.0,0.0,0.0,0.0,0.0,19.0,Central,Student,2922,8,bachelor's degree,married,Student,0,Central,0.85,0.9,0.95,0.99,0.95,"Given the customer's age of 19 and current occupation as a student, it is highly likely that they are pursuing or will soon complete a bachelor's degree, in line with the cluster's tendency toward financial maturity and skill development.","The customer is already married at a young age, which is atypical for this cluster. However, in the short term, no indicators suggest a status change, so the marital status is predicted to remain 'married'.",The customer's current financial patterns and lack of significant cash flow align with their occupation as a student. This status is unlikely to change in the near term.,The customer is a young student with no current indication of family-related expenses or financial capacity for children. This aligns with the cluster's profile of limited family responsibilities.,There is no evidence of geographic mobility or financial transactions indicating relocation. The customer is likely to remain in the Central region.
0.0,,Male,others,single,0.0,0.0,0.0,0.0,0.0,0.0,0.0,0.0,,,,,,,,,,,,,,24.0,Western,Student,1508,8,bachelor's degree,single,Corporate Employee,0,Western,0.85,0.95,0.9,0.99,0.9,"At age 24, the customer is likely pursuing or completing higher education. Based on the cluster's characteristics, a bachelor's degree is the most probable next step, as they tend to prioritize education for corporate roles.","The customer is part of a young and single demographic, and there are no indicators of significant financial or lifestyle changes that suggest a transition to married status within this timeframe.","Given the cluster's profile and age, the customer is likely to transition from being a student to a corporate employee as they complete their education and begin a professional career.","Cluster 8 customers typically delay family formation, focusing on career and financial stability first. At this stage, the customer is unlikely to have children.",There is no indication of geographic mobility based on the customer’s current financial inactivity. Western remains the most likely region for their residence.
0.0,1.0,Male,bachelor's degree,single,6.0,6.0,1.0,1.0,5.0,1.0,0.0,1.0,1002565.42,228.0,7.35,2.0,13.0,126.0,1.0,9.0,102.0,1.0,6.0,297233.0,179979.62,48.0,Central,Freelancer,1663,4,bachelor's degree,single,Freelancer,0,Central,0.85,0.95,0.9,0.98,0.9,"Given their financial stability and existing bachelor's degree, no evidence suggests the pursuit of further education. Their age and occupation as a freelancer also align with maintaining their current educational level.",The customer remains single at 48 years old. Their financial behavior shows no significant change indicating household formation or major life events associated with marriage.,"As a freelancer with consistent cash flow patterns and no indication of transitioning to a different career path, it is likely they will remain in their current occupation.","At 48 years old and single, it is unlikely they will have children, especially given their financial behavior, which does not indicate family-related expenses or planning.","Their transaction patterns and financial behavior show no signs of geographic mobility, suggesting they will remain in the central region."
0.0,0.0,Male,bachelor's degree,single,7.0,7.0,2.0,2.0,4.0,1.0,0.0,1.0,13064.86,57.0,2.19,1.0,5.0,21.0,1.0,2.0,36.0,1.0,4.0,36831.42,36122.99,47.0,Central,Corporate Employee,1877,5,master's degree,single,Corporate Employee,0,Central,0.85,0.95,0.9,0.98,0.92,"The customer demonstrates financial stability, moderate transaction behavior, and a focus on savings. These factors suggest they may pursue further education such as a master's degree to advance their career in the corporate sector, which aligns with Cluster 5's pattern of educational growth.","At age 47, with no indicators of family formation in their financial behavior (e.g., household-related expenses or increased cash flow volatility), it is highly likely the customer remains single, consistent with Cluster 5's demographic characteristics.","The customer’s corporate employment aligns with Cluster 5 traits, and there is no evidence in financial patterns (e.g., entrepreneurial spending or reduced cash flow stability) suggesting a career change. It is likely they continue in their corporate role.",No evidence of family-related expenses or changes in cash flow patterns suggests the customer is unlikely to have children by T1. This aligns with the profile of financially independent individuals in Cluster 5.,"The customer’s transaction patterns do not indicate geographic mobility, and their current region (Central) aligns with the cluster’s demographic characteristics. It is highly likely they remain in the Central region."
0.0,0.0,Male,,married,4.0,4.0,1.0,0.0,4.0,0.0,0.0,1.0,111.04,19.0,1.27,1.0,3.0,0.0,0.0,0.0,19.0,1.0,3.0,0.0,4194.43,61.0,Southern,Entrepreneur,4157,6,bachelor's degree,married,Entrepreneur,0,Southern,0.85,0.95,0.9,0.98,0.9,"The customer is financially stable and fits the cluster profile of middle-aged professionals with higher education. While his current educational level is 'nan,' it is likely that he has at least a bachelor's degree, as this is typical for individuals in Cluster 6.","The customer is already 'married,' and at age 61, there is little indication of a change in marital status, as financial patterns do not suggest any disruption or separation.","The customer is currently an entrepreneur, and there is no evidence suggesting a shift in occupation type. His financial behavior aligns with the stability expected of an entrepreneur in this cluster.","At age 61 and with no historical indication of children, it is unlikely that the customer will have children in the future. His financial patterns also do not suggest any preparation for family expansion.","The customer's current region is 'Southern,' and his financial behavior does not indicate geographic mobility or relocation, aligning with the stable lifestyle typical of Cluster 6."
0.0,1.0,Male,bachelor's degree,single,2.0,2.0,1.0,0.0,1.0,0.0,0.0,1.0,0.0,0.0,0.0,0.0,0.0,0.0,0.0,0.0,0.0,0.0,0.0,0.0,0.0,35.0,Central,Corporate Employee,3604,5,master's degree,single,Corporate Employee,0,Central,0.85,0.95,0.9,0.98,0.9,"Given the customer's age, bachelor’s degree, and current financial stability, it is likely they might pursue further education such as a master's degree to advance their career in the corporate sector. This aligns with Cluster 5's trend of highly educated individuals seeking professional growth.","The customer is currently single, and there are no financial indicators suggesting family formation or relationship-related expenses. Cluster 5 typically demonstrates a focus on individual financial independence rather than immediate family planning.","The customer is a corporate employee, and there are no signs of entrepreneurial activity or job instability. Their financial patterns suggest continued engagement in their current occupation, which is consistent with Cluster 5's career-oriented demographic.","At 35 years old and with no current children, the customer’s financial behavior does not show patterns related to family planning or child-related expenses. Cluster 5’s conservative focus on financial independence suggests that this status is unlikely to change in the short term.",The customer resides in the central region and shows no financial activity indicating relocation. Cluster 5 customers tend to remain in urban central areas due to career opportunities and lifestyle preferences.
1.0,0.0,Female,less than high school,married,0.0,0.0,0.0,0.0,0.0,0.0,0.0,0.0,,,,,,,,,,,,,,57.0,Northeastern,Freelancer,2808,4,less than high school,widow,Freelancer,1,Northeastern,0.95,0.85,0.9,0.99,0.95,"Given the customer's age (57 years) and lack of financial engagement, there is no evidence suggesting educational advancement. Cluster 4 demographics also typically show limited pursuit of higher education.",The customer's age and married status suggest the possibility of becoming a widow due to natural aging factors. This aligns with life stage progression and cluster characteristics.,"As a freelancer with no financial activity indicating career shifts, it is likely the customer will remain in the same occupation group. This aligns with Cluster 4's typical occupational behavior.","At the customer's age and given the absence of financial activity indicating family planning, it is highly unlikely for the number of children to change.","There is no evidence of geographic mobility in the financial data. The customer is likely to remain in the Northeastern region, consistent with Cluster 4's central region residence pattern."
0.0,2.0,Female,bachelor's degree,widow,9.0,9.0,3.0,1.0,7.0,1.0,0.0,1.0,36306.78,59.0,2.11,1.0,5.0,11.0,1.0,2.0,48.0,1.0,5.0,265590.37,278121.56,55.0,Southern,Corporate Employee,3431,0,bachelor's degree,widow,Corporate Employee,0,Southern,0.95,1.0,0.9,1.0,0.85,"The customer is already well-educated with a bachelor's degree, and there is no indication in the financial behavior of pursuing further education. The cluster primarily reflects stable educational attainment at this level.","Given the customer's age and widowed status, combined with the cluster's behavioral patterns, it's unlikely they will remarry or change their marital status within the time frame.","The customer exhibits steady financial inflows and outflows, suggesting stable employment in a corporate role. There are no signs of career shifts or entrepreneurial activity.","At age 55 and with no current children, it is highly unlikely for the customer to have children in the future. This aligns with the cluster's demographic profile.","The financial patterns indicate stability and consistent residency in the Southern region, with no signs of relocation in spending or transaction behaviors."
0.0,0.0,Female,bachelor's degree,single,7.0,6.0,4.0,2.0,3.0,0.0,0.0,1.0,2251.67,198.0,6.6,1.0,16.0,23.0,1.0,3.0,175.0,1.0,15.0,5085650.0,5160619.3,37.0,Central,Entrepreneur,1789,3,master's degree,single,Entrepreneur,0,Central,0.85,0.95,0.9,0.97,0.92,"The customer is highly educated with a bachelor's degree and exhibits financial independence and entrepreneurial behavior. Given her financial stability and engagement, pursuing a master's degree for professional growth is likely.","The customer is currently single, and there are no financial indicators suggesting significant spending patterns associated with household formation or relationship changes. Cluster characteristics support prolonged singlehood.","Her financial inflow and outflow patterns, coupled with high savings account balances and payment services adoption, confirm her entrepreneurial focus, and there is no evidence of a career shift.","The customer has no children, and there are no spending patterns indicative of family planning or child-related expenses. Her cluster demographic suggests minimal family commitments.","There are no transaction patterns suggesting relocation, and her entrepreneurial activities align with staying in central regions, which are typically hubs for business opportunities."
0.0,,Male,master's degree,single,2.0,2.0,0.0,1.0,1.0,0.0,0.0,0.0,,,,,,,,,,,,,,47.0,Central,Corporate Employee,1715,8,master's degree,single,Corporate Employee,0,Central,0.9,0.95,0.85,0.9,0.8,"The customer already holds a master's degree, and there is no financial activity or behavioral indicator suggesting further educational advancement at this stage of life.","The customer is currently single, and there are no financial patterns (e.g., shared accounts, transactions for household formation) indicating a change in marital status.","The customer remains consistent with the cluster's typical profile of corporate employees, and there are no financial indicators, such as entrepreneurial activity or unemployment patterns, suggesting a career change.","The customer has no children, and given the age and absence of family-related expenses or financial commitments, it is unlikely this will change.",The region remains Central as there are no cash flow or transaction patterns indicating relocation or geographic mobility.
0.0,0.0,Female,vocational certificate,single,4.0,4.0,1.0,0.0,2.0,3.0,0.0,1.0,64.03,34.0,2.13,1.0,5.0,5.0,1.0,2.0,29.0,1.0,5.0,10730.43,10690.0,28.0,Central,Corporate Employee,3963,5,bachelor's degree,single,Corporate Employee,0,Central,0.85,0.95,0.9,0.95,0.9,"The customer is in her late 20s and financially stable with moderate transaction amounts and strong savings patterns. This indicates a potential pursuit of higher education, such as a bachelor's degree, to support career advancement. This aligns with the cluster's trend of high educational attainment.","The customer is currently single, and financial patterns do not show any significant change that would suggest household formation or marriage. Cluster 5 is characterized by single women who prioritize financial independence.","The customer is a corporate employee, and her financial behavior (moderate transaction amounts and high savings) suggests stability in her current role. No signs of entrepreneurial shifts or unemployment are evident.","There is no indication of family-related financial activity, such as childcare expenses or savings adjustments for dependents. Given her age and cluster characteristics, it is unlikely she will have children in the near term.","The customer resides in the central region, and there’s no evidence in her financial transactions (e.g., travel-related outflows or regional property investments) to indicate relocation. Cluster 5 is also predominantly based in central regions."
0.0,0.0,Female,bachelor's degree,single,2.0,2.0,0.0,1.0,1.0,0.0,0.0,0.0,,,,,,,,,,,,,,39.0,Central,Corporate Employee,18,5,master's degree,single,Corporate Employee,0,Central,0.85,0.95,0.9,0.98,0.88,"Given the customer's high educational attainment (bachelor's degree) and the cluster's tendency toward professional development, it is likely they pursue further education, such as a master's degree, to advance their career in the corporate sector.","At age 39 and given the absence of financial patterns indicating household formation or family-related expenses, it is highly probable the customer remains single, consistent with the cluster profile.","The customer is likely to remain a corporate employee, as there are no financial indicators of entrepreneurial behavior or career shifts, and this aligns with the cluster's career stability trend.","With no significant financial activity suggesting family planning or child-related expenses, and considering the cluster's demographic profile, it is highly likely the customer continues to have no children.","The customer is predicted to remain in the Central region, as there are no transaction patterns or financial indicators suggesting geographic mobility, which aligns with the cluster's tendency to reside in central regions."
0.0,0.0,Female,vocational certificate/ diploma,single,0.0,0.0,0.0,0.0,0.0,0.0,0.0,0.0,,,,,,,,,,,,,,42.0,Eastern,Corporate Employee,4019,5,bachelor's degree,single,Corporate Employee,0,Eastern,0.7,0.9,0.85,0.95,0.8,"The customer is already highly educated and employed in a corporate role. Pursuing a bachelor's degree aligns with potential career advancement or personal growth, though there is no financial behavior indicating this is certain.","At age 42, with no financial indicators of household formation or relationship-related expenses, it is highly likely the customer will remain single in the short term.","The customer shows no financial activity, suggesting a stable corporate role without significant career shifts. This aligns with the cluster's typical career paths.","The customer has no children and no financial patterns suggesting family planning. Given the cluster's characteristics and the customer's age, it is highly unlikely this will change.","There is no indication of geographic mobility from the financial behavior. The customer is likely to remain in the Eastern region, consistent with cluster demographics."
0.0,0.0,Male,bachelor's degree,single,0.0,0.0,0.0,0.0,0.0,0.0,0.0,0.0,,,,,,,,,,,,,,34.0,Central,Student,110,1,bachelor's degree,single,Corporate Employee,0,Central,0.85,0.95,0.8,0.9,0.95,The customer currently holds a bachelor's degree and exhibits no financial patterns indicating additional education pursuits. Cluster 1 typically does not progress to advanced degrees at this stage of life.,"The customer is 34 years old, single, and exhibits no financial behavior suggesting relationship-related changes such as shared accounts or household formation. Cluster 1 is predominantly single, and this status is likely to persist.",The customer is currently a student but is likely to transition into a corporate role given their bachelor's degree and the cluster's typical employment patterns. Financial inactivity suggests they have not yet entered the workforce but may do so soon.,The customer is single and demonstrates no financial activity indicative of family planning or child-related expenses. Cluster 1 typically has no children at this stage.,"The customer is located in the Central region, and there are no financial patterns or inflows/outflows suggesting relocation. Cluster 1 members often remain in the same region unless career-driven mobility is evident."
0.0,,Female,,married,4.0,4.0,1.0,0.0,4.0,1.0,0.0,1.0,1254.54,29.0,2.64,1.0,5.0,7.0,1.0,1.0,22.0,1.0,4.0,23650.0,22566.13,56.0,Western,Homemaker,872,2,others,widow,Homemaker,0,Western,0.8,0.85,0.95,0.95,0.9,"Given the customer's age of 56 and the lack of recent financial behavior indicating career advancement or education-related expenses, it is unlikely that they will pursue further formal education. 'Others' reflects no significant change in educational attainment.","The customer is currently married, but considering their age, the possibility of transitioning to 'widow' due to natural life events is moderately high. There is no financial behavior indicating divorce or separation.","The customer is already categorized as a homemaker, and their financial behavior does not indicate any engagement in employment or entrepreneurial activities. This status is likely to remain stable.","At the age of 56 and with no current children, the likelihood of having children in the future is extremely low. Financial patterns do not suggest family planning expenses.","The customer currently resides in the Western region, and there are no transaction patterns or financial behaviors that suggest relocation. Their existing financial stability supports staying in the same region."
0.0,0.0,Female,others,married - registered,4.0,4.0,1.0,0.0,4.0,1.0,0.0,1.0,3619.78,64.0,2.56,1.0,10.0,9.0,1.0,2.0,55.0,1.0,8.0,30030.1,28486.12,35.0,Central,Corporate Employee,3334,0,bachelor's degree,married - registered,Corporate Employee,1,Central,0.85,0.95,0.9,0.75,0.9,"The customer is a corporate employee, and the cluster typically aligns with a preference for higher education. Financial stability and mid-career age suggest a strong likelihood of pursuing further education, such as completing a bachelor's degree.","The customer is already 'married - registered,' and financial patterns do not suggest any marital instability. It is highly likely this status remains unchanged.",The customer's financial behavior reflects the stability and inflows consistent with a corporate employee. There are no indications of a career change or entrepreneurial shift.,"The customer is in her mid-30s, which is a typical age for family planning in this cluster. The financial patterns, including stable inflows and outflows, suggest preparation for family expansion.","The customer resides in the central region, and there is no significant geographic mobility indicated in transaction patterns. The cluster also tends to show regional stability."
0.0,1.0,Female,high school,married,9.0,8.0,4.0,1.0,5.0,0.0,0.0,1.0,62057.27,101.0,3.74,1.0,9.0,19.0,1.0,2.0,82.0,1.0,8.0,126933.25,76474.28,44.0,Eastern,Corporate Employee,3520,7,high school,married,Corporate Employee,0,Eastern,0.95,0.9,0.85,0.9,0.95,"The customer is 44 years old and shows no significant financial behavior indicating pursuit of further education. Given her cluster's typical educational attainment, it is highly likely she will remain at a high school level.","The customer is already married, and there are no financial patterns to suggest a change in marital status, such as divorce or separation. This aligns with the cluster's characteristics.",Her financial patterns (consistent inflow/outflow and moderate engagement with financial products) align with stable employment in a corporate role. There is no indication of career shifts or entrepreneurial activity.,"The customer is 44 years old, married, and has no children. Given the absence of family-related financial patterns and her age, it is unlikely she will have children at this stage.","Her financial behavior does not suggest geographic mobility, such as changes in transaction patterns or inflows/outflows indicative of relocation. Thus, she is likely to remain in the Eastern region."
0.0,0.0,Male,less than high school,single,2.0,2.0,2.0,0.0,1.0,1.0,0.0,2.0,18.99,0.0,0.0,0.0,0.0,0.0,0.0,0.0,0.0,0.0,0.0,0.0,0.0,23.0,Northern,Student,150,1,high school,single,Student,0,Northern,0.85,0.95,0.9,0.95,0.9,"At age 23 and currently being a student, it is likely the customer will complete their high school education within the predicted time frame. Financial patterns don't indicate significant career or educational advancement yet.","The customer is young, single, and there are no financial patterns suggesting household formation or relationship-related expenses. This aligns with the cluster's predominantly single demographic.","The customer is currently a student, and there is no indication of employment or entrepreneurial activity in their financial behavior. This aligns with the typical life stage at their age within this cluster.","There is no indication of family planning or child-related expenses in the customer’s financial patterns. At 23 years old and single, having no children is consistent with their life stage.",There is no evidence of geographic mobility in the customer’s financial behavior. Staying in the Northern region aligns with their current status and the cluster's typical patterns.
0.0,1.0,Male,vocational certificate/ diploma,single,2.0,2.0,0.0,0.0,1.0,1.0,0.0,0.0,,,,,,,,,,,,,,30.0,Eastern,Corporate Employee,2168,5,bachelor's degree,single,Corporate Employee,0,Eastern,0.85,0.95,0.9,0.99,0.9,"The customer is currently 30 years old with a vocational certificate/diploma and employed in a corporate role. Given Cluster 5's focus on highly educated individuals and financial independence, it is likely the customer may pursue further education, such as a bachelor's degree, to advance their career and align with cluster norms.","The customer is currently single, and there are no transaction patterns indicating family formation or relationship-related expenses. Given the conservative financial behavior typical of Cluster 5, the likelihood of marital status change within the timeframe is low.","As a corporate employee, the customer's occupation aligns well with Cluster 5's demographic profile. There is no indication of job instability or entrepreneurial tendencies, so it is likely they will remain in the corporate sector.",No spending patterns or financial behaviors suggest family planning or expenses related to children. The conservative financial approach and single marital status indicate that they will likely remain childless during the timeframe.,"The customer resides in the Eastern region and shows no financial behaviors indicative of relocation, such as increased inflows/outflows or regional transaction patterns. Given Cluster 5's stability, they are likely to remain in the Eastern region."
0.0,0.0,Male,high school,single,0.0,0.0,0.0,0.0,0.0,0.0,0.0,0.0,,,,,,,,,,,,,,49.0,Eastern,Corporate Employee,2474,1,high school,single,Corporate Employee,0,Eastern,0.9,0.95,0.85,0.95,0.9,"The customer has shown no financial activity suggesting further education or career-related upskilling, and the cluster typically maintains a high school education level.","Given the customer's age and lack of financial or transaction patterns indicative of household formation or relationship-related expenses, they are likely to remain single.","The customer’s occupation as a Corporate Employee aligns with the cluster’s behavior, and there are no indicators of unemployment or a shift to another sector.","The customer has no children currently, and there are no financial behaviors suggesting family planning or child-related expenses.","The customer is located in the Eastern region, and there is no evidence of financial activity suggesting geographic mobility or relocation."
2.0,0.0,Female,vocational certificate/ diploma,married,4.0,4.0,1.0,0.0,3.0,1.0,0.0,1.0,879.19,20.0,1.67,1.0,5.0,9.0,1.0,2.0,11.0,1.0,3.0,17880.0,20399.93,61.0,Eastern,Corporate Employee,2388,0,vocational certificate/ diploma,married,Corporate Employee,2,Eastern,0.95,0.9,0.85,0.99,0.9,"Given the customer's age (61) and current education level (vocational certificate/diploma), further education is unlikely at this stage of life. The vocational certificate/diploma aligns with her stable financial behavior and professional role in a corporate environment.","The customer is currently married, and her financial behavior does not indicate significant life changes such as divorce or widowhood. Additionally, her cluster is characterized by marital stability.","The customer has been employed as a corporate employee, and her financial patterns (steady inflows and outflows) suggest she is likely to maintain her current occupation as she approaches retirement age.","The customer has two children, and given her age and life stage, it is improbable that this number will change.","The customer resides in the Eastern region, and there are no financial indicators (e.g., change in spending patterns or inflows/outflows that suggest relocation) to suggest a move."
0.0,0.0,Male,high school,others,3.0,3.0,2.0,1.0,2.0,1.0,0.0,2.0,173582.1,43.0,2.15,1.0,6.0,37.0,1.0,6.0,6.0,1.0,4.0,203196.0,662548.58,34.0,Central,Corporate Employee,1105,1,bachelor's degree,single,Corporate Employee,0,Central,0.7,0.9,0.85,0.95,0.8,"The customer is in a corporate role and shows moderate financial activity. This suggests a possibility of pursuing a bachelor's degree for career advancement, a typical progression within this cluster. However, there is no direct evidence of educational investment, so confidence is moderate.","The customer is currently categorized as 'others' in marital status, but based on the cluster's predominantly single demographic and lack of financial behavior suggesting household formation or relationship commitments, it is likely they will remain single.","The customer's financial patterns (moderate savings, limited transaction sizes, steady inflows) are consistent with someone in a stable corporate role. There is no indication of a career shift or entrepreneurial activity.","The customer has no current children, and there are no financial indicators, such as significant outflows or shifts in spending, that suggest family planning. This aligns with the cluster's tendency to have fewer family-related commitments.","The customer is currently located in the Central region. There is no evidence of geographic mobility in transaction patterns or inflow/outflow behavior, so they are likely to remain in the same region."
1.0,1.0,Female,bachelor's degree,married,0.0,0.0,0.0,0.0,0.0,0.0,0.0,0.0,,,,,,,,,,,,,,51.0,Central,Corporate Employee,4346,0,bachelor's degree,married,Corporate Employee,1,Central,0.9,0.95,0.95,0.85,0.9,"The customer already holds a bachelor's degree, and there is no indication of financial or occupational patterns suggesting a pursuit of further education (e.g., master's or doctorate) within the observed time frame.","The customer is currently married, and there are no financial behaviors or age-related factors suggesting a change in marital status such as divorce or widowhood.","The customer is a corporate employee, and there is no financial activity indicative of a career shift (e.g., entrepreneurial activity or unemployment). Given the stability of Cluster 0 customers, this occupation is likely to remain consistent.","The customer already has one child, and given her age (51 years) and the cluster's typical family formation pattern, it is unlikely she will have additional children.","The customer resides in the central region, and there is no financial behavior or cash flow pattern indicative of geographic mobility, such as relocation-related expenses or a shift in transaction activity to another region."
0.0,0.0,Female,high school,married,3.0,3.0,1.0,0.0,2.0,1.0,0.0,1.0,160.83,11.0,1.38,1.0,3.0,2.0,1.0,1.0,9.0,1.0,2.0,1900.0,1741.55,39.0,Central,Unemployed,3685,7,vocational certificate,married - registered,Homemaker,1,Central,0.7,0.9,0.85,0.75,0.95,"Given the customer's unemployed status, she may pursue a vocational certificate to improve employability. This aligns with the cluster's tendency toward practical education options.","The customer is currently married, and there is no financial behavior indicating marital dissolution. It is likely that the marriage will remain stable and become formally registered.","The customer’s current unemployed status combined with her financial patterns (moderate cash flow activity and no lending products) suggests she is likely to focus on homemaking, especially if family formation occurs.","At age 39, the customer is within the later stages of childbearing years. The cash flow and spending patterns suggest a possible shift toward family planning, making the addition of one child plausible.","There is no indication of geographic mobility (e.g., inflows/outflows remain low and centralized), so the customer is likely to remain in the central region."
0.0,,Female,bachelor's degree,single,3.0,3.0,0.0,1.0,1.0,1.0,0.0,0.0,,,,,,,,,,,,,,49.0,Southern,Corporate Employee,1581,5,master's degree,single,Corporate Employee,0,Southern,0.85,0.95,0.9,0.98,0.9,"Given the customer's high educational attainment (bachelor's degree) and the cluster's propensity for career-driven individuals, it's likely she may pursue further education such as a master's degree to enhance her professional standing. Financial stability supports this possibility.","At age 49, coupled with the cluster's demographic profile emphasizing independence, it is highly likely the customer will remain single. There is no financial behavior suggesting a change in marital status.","The customer’s lack of inflows and outflows indicates financial stability without job-related disruptions. Given her cluster profile, she is likely to remain a Corporate Employee, reflecting consistent career progression.","The customer is 49 years old, single, and shows no financial patterns indicative of family planning or child-related expenses. It is highly likely she will continue to have no children.","The customer resides in the Southern region, and there is no financial behavior (e.g., relocation-related transactions) suggesting a move to another region. Stability aligns with her cluster characteristics."
0.0,1.0,Male,vocational certificate,married,0.0,0.0,0.0,0.0,0.0,0.0,0.0,0.0,,,,,,,,,,,,,,52.0,Southern,Other,3766,6,vocational certificate,married,Other,0,Southern,0.95,0.99,0.9,0.98,0.97,"The customer is middle-aged and already holds a vocational certificate. Given the lack of financial activity or indication of pursuing skill development, it is unlikely that they will pursue higher education within the given timeframe.",The customer is currently married and there are no financial behavior patterns or life stage factors suggesting a change in marital status.,"The current occupation is listed as 'Other,' and there is no evidence of financial activity indicating a career transition, entrepreneurial activity, or a move into corporate roles typical of Cluster 6.","At age 52, it is unlikely that the customer will have children, especially since there is no indication of financial behavior suggesting family planning or related expenses.","The customer resides in the Southern region, and there are no financial patterns suggesting relocation or geographic mobility, which aligns with Cluster 6's central or stable regional preferences."
0.0,,Male,,single,2.0,2.0,1.0,0.0,1.0,1.0,0.0,1.0,0.15,182.0,8.67,1.0,30.0,41.0,1.0,4.0,141.0,1.0,26.0,52059.88,52584.91,27.0,Central,Freelancer,2700,4,high school,single,Freelancer,0,Central,0.85,0.95,0.9,0.98,0.9,"The customer's modest financial engagement and lack of educational information suggest they are likely to maintain a high school level of education, aligning with Cluster 4's profile and typical educational progression.","The customer is currently single, and there are no observable financial patterns (e.g., household formation or increased spending on family-related items) indicating a change in marital status within the cluster's typical demographic behavior.","The customer's financial behavior reflects the characteristics of a freelancer (high transaction frequency, modest average amounts), and there is no indication of career shifts or advancement outside this occupation group.",There are no patterns in the customer's financial behavior that suggest family planning or expenses related to children within the observed time frame.,"The customer's transaction patterns and modest financial capacity suggest they are likely to remain in the central region, consistent with Cluster 4's geographic characteristics and economic mobility."
0.0,1.0,Male,high school,married - registered,12.0,9.0,7.0,1.0,9.0,1.0,0.0,4.0,22712.44,76.0,3.04,1.0,9.0,25.0,1.0,3.0,51.0,1.0,8.0,2011500.0,2052223.86,45.0,Central,Entrepreneur,3215,6,vocational certificate,married - registered,Entrepreneur,0,Central,0.8,0.95,0.9,0.85,0.95,The customer is financially stable and may pursue further education to enhance entrepreneurial skills. Vocational certification is likely as it complements their current occupation and aligns with the cluster's trend of skill improvement.,"There is no indication of relationship changes from the financial data. The customer remains married, which aligns with the cluster's demographic profile of married middle-aged professionals.","The financial behavior, particularly strong inflows and outflows, suggests continued entrepreneurial activity, as it aligns with their current occupation and the cluster’s preference for personal financial growth.","There are no financial patterns indicating family planning expenses or a shift towards having children. The customer remains childless, which is consistent with their current status and the cluster profile.","The customer’s transaction patterns and financial stability do not suggest relocation. They are likely to remain in the Central region, which is typical for this cluster."
0.0,,Male,others,others,0.0,0.0,0.0,0.0,0.0,0.0,0.0,0.0,,,,,,,,,,,,,,42.0,Northern,Freelancer,627,4,others,others,Freelancer,0,Northern,0.9,0.9,0.95,0.95,0.85,The customer has no financial activity or signs of career advancement that would indicate pursuing further education. The cluster characteristics also suggest limited educational progression beyond the current level.,"There is no financial behavior indicating life changes such as marriage or divorce. The age and gender of the customer align with the cluster's typical demographics, which have a higher likelihood of remaining in the 'others' category.","The customer’s financial inactivity and lack of cash flow suggest they remain in their current occupation as a Freelancer, which aligns with Cluster 4's tendencies.",The customer shows no financial patterns indicative of family planning or child-related expenses. This aligns with the cluster's characteristic of typically having no children.,"The customer resides in the Northern region and shows no financial activity pointing to relocation. Cluster 4 customers tend to remain in their current regions unless prompted by significant life changes, which are not evident here."
0.0,0.0,Female,high school,single,2.0,2.0,1.0,0.0,2.0,1.0,0.0,1.0,0.0,1.0,1.0,1.0,1.0,0.0,0.0,0.0,1.0,1.0,1.0,0.0,0.1,29.0,Central,Corporate Employee,2043,7,high school,single,Corporate Employee,0,Central,0.9,0.95,0.9,0.95,0.9,"The customer is 29 years old, and there is no indication of pursuing further education based on her current financial behavior. This aligns with cluster norms, where high school education tends to be the highest level achieved for this demographic.","The customer remains single, as there are no financial behaviors or changes suggesting preparations for marriage (e.g., increased savings or large transactions). This aligns with the cluster's typical life stage at this age.","As a corporate employee, her financial behavior does not indicate a career change or entrepreneurial activity. The stable and minimal transaction pattern suggests continuity in her current role.","The customer is still single with no financial activity pointing to child-related expenses, such as increased spending on essentials or health-related services. This aligns with cluster trends for individuals in their late 20s.","The customer is likely to remain in the Central region, as her financial patterns do not suggest mobility or relocation. This is consistent with the cluster's preference for stability and low financial complexity."
0.0,0.0,Female,bachelor's degree,single,5.0,5.0,1.0,0.0,5.0,0.0,0.0,1.0,1065.0,7.0,1.75,1.0,3.0,2.0,1.0,1.0,5.0,1.0,2.0,1800.0,2010.0,47.0,Central,Entrepreneur,765,3,master's degree,single,Entrepreneur,0,Central,0.85,0.95,0.9,0.98,0.88,"Given her financial stability and the entrepreneurial nature of Cluster 3, she may pursue further education (e.g., a master's degree) to enhance her business skills and maintain competitiveness.","There are no significant financial indicators suggesting a change in her marital status, and staying single aligns with Cluster 3's demographics.","Her cash flow patterns and high inflows/outflows indicate continued entrepreneurial activity, which is consistent with Cluster 3 behavior.","Her financial patterns and lifestyle suggest no immediate family formation plans, which aligns with Cluster 3's low family commitment profile.","Transaction behavior does not indicate geographic mobility, and staying in the central region aligns with Cluster 3 demographics."
0.0,,Female,less than high school,single,4.0,4.0,1.0,0.0,3.0,1.0,1.0,1.0,1197.01,181.0,6.96,1.0,17.0,146.0,3.0,15.0,35.0,1.0,3.0,53120.0,66196.0,52.0,Central,Homemaker,1160,7,less than high school,single,Homemaker,0,Central,0.95,0.9,0.9,0.95,0.9,"The customer’s current age (52 years) and financial patterns do not show any indication of pursuing further education, which aligns with the cluster's typical profile of low educational advancement.","The customer has been single until this point, and there are no observable financial behaviors or age-related factors suggesting a change in marital status. This is consistent with the cluster's demographic tendencies.",The occupation remains 'Homemaker' as there are no financial behaviors indicating career changes or new employment. This is consistent with the customer’s current status and the cluster's tendency for stable occupational roles.,"The customer is 52 years old and has no children. Based on typical life stage progression and the cluster's characteristics, it is unlikely that the number of children will change.","The customer's financial behavior does not indicate relocation, and staying in the Central region aligns with the cluster's typical geographic stability."
0.0,0.0,Female,less than high school,single,5.0,5.0,1.0,0.0,5.0,1.0,0.0,1.0,366.66,47.0,2.14,1.0,5.0,22.0,1.0,3.0,25.0,1.0,4.0,196071.24,196474.62,46.0,Northeastern,Entrepreneur,569,3,vocational certificate,single,Entrepreneur,0,Northeastern,0.85,0.95,0.9,0.95,0.9,"The customer's financial behavior, including high transaction activity and strong cash flow patterns, suggests a focus on professional development. A vocational certificate aligns with entrepreneurial pursuits and is likely the next step given her current educational level.","There is no indication of financial behavior that suggests significant life changes, such as household formation or relationship-related expenditures. Her cluster is predominantly single, and she is likely to remain single in the near future.","The customer exhibits strong entrepreneurial characteristics, such as significant cash flow and high engagement with financial products like payment services. This suggests she will continue as an entrepreneur.","No financial behavior or spending patterns indicate family planning or child-related expenses. Given her age and cluster characteristics, it is likely she will remain child-free.","The customer's transaction patterns show no signs of relocation or geographic mobility. Her cluster is characterized by living in central or urban regions, and she is likely to remain in the Northeastern region."
0.0,0.0,Female,,married,4.0,4.0,2.0,0.0,2.0,1.0,0.0,1.0,3032.16,39.0,1.86,1.0,4.0,11.0,1.0,2.0,28.0,1.0,3.0,37887.0,62894.59,30.0,Eastern,Unemployed,512,2,vocational certificate/diploma,married,Freelancer,0,Eastern,0.8,0.9,0.7,0.95,0.9,"The customer is currently unemployed, but her financial patterns suggest a focus on transactional convenience and short-term cash flow management. This may indicate an interest in pursuing vocational training to enhance employability, consistent with the cluster's typical behavior.","The customer is already married, and there is no indication of changes like divorce or separation in the short term based on financial behavior or life stage progression. The prediction remains 'married'.","The customer's financial behavior suggests moderate financial engagement, which aligns with freelance or gig-based work that offers flexibility and short-term cash flow management. This is a likely occupation shift for Cluster 2 customers.","There are no financial patterns indicating expenses related to children, such as childcare or education, and at age 30, the customer may still delay family formation, consistent with Cluster 2 behavior.","The customer's financial behavior does not suggest relocation or geographic mobility, and she is likely to remain in her current region, Eastern."
0.0,1.0,Male,bachelor's degree,single,5.0,5.0,2.0,0.0,7.0,0.0,0.0,2.0,34254.19,51.0,2.32,1.0,4.0,6.0,1.0,2.0,45.0,1.0,4.0,62420.0,66096.85,37.0,Northeastern,Corporate Employee,498,5,master's degree,single,Corporate Employee,0,Northeastern,0.85,0.95,0.9,0.98,0.88,"Given their financial stability, moderate transaction amounts, and cluster trend of pursuing higher education, it is likely they may seek a master's degree for career advancement.","The customer is currently single, and there is no indication of financial behavior suggesting significant life changes like marriage (e.g., joint accounts, significant spending increases).","The customer’s financial patterns (stable inflows and outflows, high payment services usage) suggest continued employment in a corporate role, aligning with cluster norms.","There are no financial indicators, such as family-related expenses, suggesting a change in the number of children. Cluster tendencies also align with remaining child-free.","Their financial behavior does not suggest relocation (e.g., no significant changes in transaction patterns), and cluster 5 customers tend to remain in urbanized regions like the Northeastern area."
0.0,0.0,Female,high school,single,0.0,0.0,0.0,0.0,0.0,0.0,0.0,0.0,,,,,,,,,,,,,,33.0,Central,Corporate Employee,506,7,vocational certificate,single,Corporate Employee,0,Central,0.75,0.95,0.9,0.85,0.9,"Given the customer's current educational level (high school) and the age of 33, it is moderately likely that they may pursue a vocational certificate to enhance their skills for career growth in their corporate role. However, there is no strong evidence of financial activity indicating current investment in education.","The customer remains single at age 33, which is consistent with the cluster's demographic behavior. There is no evidence of financial patterns indicating marriage or significant relationship-related expenses.","The customer is currently a corporate employee, and there are no financial behaviors that suggest a shift in occupation. This aligns with the cluster's typical employment patterns.","The customer has no children, and there is no financial activity indicative of family formation, such as increased spending on child-related products or services. This aligns with the cluster’s trend of lower family formation at this stage.","The customer resides in the Central region, and there is no financial behavior or cash flow activity suggesting relocation. This is consistent with the cluster's typical geographic stability."
0.0,,Male,,single,3.0,3.0,1.0,0.0,2.0,1.0,0.0,1.0,67.78,0.0,0.0,0.0,0.0,0.0,0.0,0.0,0.0,0.0,0.0,0.0,0.0,24.0,Western,Freelancer,1414,4,vocational certificate,single,Freelancer,0,Western,0.85,0.95,0.9,0.98,0.9,"Given the customer's age (24 years) and the absence of any higher education data, pursuing a vocational certificate aligns with potential career growth while maintaining financial independence. This is consistent with the Cluster 4 tendency toward modest educational advancements.","At 24 years of age and with no financial or lifestyle indicators suggesting family formation, remaining single is highly probable. Cluster 4 generally reflects delayed marital transitions.","The customer is currently a freelancer, and their financial behavior (low balances, reliance on savings accounts, no lending activity) suggests stability in this occupation without significant career progression. This aligns with Cluster 4's traits.","There are no indicators of family-related spending or financial behavior suggesting child-rearing. At 24 years of age and single, it is unlikely that the customer will have children within the next time frame.","The customer resides in the Western region, and there are no financial patterns (e.g., increased inflows/outflows or transaction activity) suggesting relocation. Cluster 4 customers generally exhibit geographic stability."
